;time;customer;location
0;20:47:00;Timothy Jackson;entrance
1;20:47:00;Antonio Howard;entrance
2;20:47:00;Joseph Davis;entrance
3;20:47:00;Anthony Aguirre DVM;entrance
4;20:47:00;Hannah Guzman;entrance
5;20:47:00;Michael Stanton;entrance
6;20:47:00;Eric Henry;entrance
7;20:47:00;Gregory Morgan;entrance
8;20:47:00;William Price;entrance
9;20:48:00;Timothy Jackson;spices
10;20:48:00;Antonio Howard;fruit
11;20:48:00;Joseph Davis;spices
12;20:48:00;Anthony Aguirre DVM;spices
13;20:48:00;Hannah Guzman;drinks
14;20:48:00;Michael Stanton;spices
15;20:48:00;Eric Henry;dairy
16;20:48:00;Gregory Morgan;drinks
17;20:48:00;William Price;fruit
18;20:48:00;Ryan Lopez;entrance
19;20:48:00;Albert Crosby;entrance
20;20:48:00;Robert Roberts;entrance
21;20:49:00;Timothy Jackson;dairy
22;20:49:00;Antonio Howard;dairy
23;20:49:00;Joseph Davis;dairy
24;20:49:00;Anthony Aguirre DVM;dairy
25;20:49:00;Hannah Guzman;spices
26;20:49:00;Michael Stanton;fruit
27;20:49:00;Eric Henry;dairy
28;20:49:00;Gregory Morgan;dairy
29;20:49:00;William Price;fruit
30;20:49:00;Ryan Lopez;fruit
31;20:49:00;Albert Crosby;dairy
32;20:49:00;Robert Roberts;drinks
33;20:49:00;Jill Williams;entrance
34;20:49:00;Joseph Lewis;entrance
35;20:49:00;Charles Davis;entrance
36;20:49:00;Jessica Perez;entrance
37;20:49:00;Morgan Cooper;entrance
38;20:50:00;Timothy Jackson;drinks
39;20:50:00;Antonio Howard;fruit
40;20:50:00;Joseph Davis;dairy
41;20:50:00;Anthony Aguirre DVM;checkout and leave
42;20:50:00;Hannah Guzman;fruit
43;20:50:00;Michael Stanton;fruit
44;20:50:00;Eric Henry;spices
45;20:50:00;Gregory Morgan;dairy
46;20:50:00;William Price;drinks
47;20:50:00;Ryan Lopez;fruit
48;20:50:00;Albert Crosby;drinks
49;20:50:00;Robert Roberts;dairy
50;20:50:00;Jill Williams;dairy
51;20:50:00;Joseph Lewis;spices
52;20:50:00;Charles Davis;drinks
53;20:50:00;Jessica Perez;dairy
54;20:50:00;Morgan Cooper;drinks
55;20:50:00;Craig Brown;entrance
56;20:51:00;Timothy Jackson;drinks
57;20:51:00;Antonio Howard;fruit
58;20:51:00;Joseph Davis;spices
59;20:51:00;Hannah Guzman;checkout and leave
60;20:51:00;Michael Stanton;fruit
61;20:51:00;Eric Henry;dairy
62;20:51:00;Gregory Morgan;drinks
63;20:51:00;William Price;checkout and leave
64;20:51:00;Ryan Lopez;fruit
65;20:51:00;Albert Crosby;spices
66;20:51:00;Robert Roberts;dairy
67;20:51:00;Jill Williams;checkout and leave
68;20:51:00;Joseph Lewis;dairy
69;20:51:00;Charles Davis;drinks
70;20:51:00;Jessica Perez;fruit
71;20:51:00;Morgan Cooper;fruit
72;20:51:00;Craig Brown;dairy
73;20:51:00;Gerald Frost;entrance
74;20:51:00;Brian Griffin;entrance
75;20:51:00;Courtney Camacho;entrance
76;20:51:00;Erin Diaz DDS;entrance
77;20:51:00;Mark Holmes;entrance
78;20:51:00;Alisha Frost;entrance
79;20:51:00;David Cook;entrance
80;20:51:00;Heather Ball MD;entrance
81;20:51:00;Steven Zamora;entrance
82;20:51:00;Emily Smith;entrance
83;20:51:00;Darryl Gonzalez;entrance
84;20:51:00;Cindy Garza;entrance
85;20:52:00;Timothy Jackson;fruit
86;20:52:00;Antonio Howard;drinks
87;20:52:00;Joseph Davis;dairy
88;20:52:00;Michael Stanton;dairy
89;20:52:00;Eric Henry;dairy
90;20:52:00;Gregory Morgan;spices
91;20:52:00;Ryan Lopez;dairy
92;20:52:00;Albert Crosby;fruit
93;20:52:00;Robert Roberts;drinks
94;20:52:00;Joseph Lewis;checkout and leave
95;20:52:00;Charles Davis;checkout and leave
96;20:52:00;Jessica Perez;dairy
97;20:52:00;Morgan Cooper;drinks
98;20:52:00;Craig Brown;fruit
99;20:52:00;Gerald Frost;spices
100;20:52:00;Brian Griffin;fruit
101;20:52:00;Courtney Camacho;spices
102;20:52:00;Erin Diaz DDS;spices
103;20:52:00;Mark Holmes;drinks
104;20:52:00;Alisha Frost;dairy
105;20:52:00;David Cook;spices
106;20:52:00;Heather Ball MD;dairy
107;20:52:00;Steven Zamora;drinks
108;20:52:00;Emily Smith;dairy
109;20:52:00;Darryl Gonzalez;spices
110;20:52:00;Cindy Garza;drinks
111;20:52:00;Steven Neal;entrance
112;20:52:00;Jonathan Harris;entrance
113;20:52:00;Lisa Vang;entrance
114;20:53:00;Timothy Jackson;dairy
115;20:53:00;Antonio Howard;drinks
116;20:53:00;Joseph Davis;spices
117;20:53:00;Michael Stanton;drinks
118;20:53:00;Eric Henry;drinks
119;20:53:00;Gregory Morgan;dairy
120;20:53:00;Ryan Lopez;checkout and leave
121;20:53:00;Albert Crosby;fruit
122;20:53:00;Robert Roberts;fruit
123;20:53:00;Charles Davis;checkout and leave
124;20:53:00;Jessica Perez;fruit
125;20:53:00;Morgan Cooper;dairy
126;20:53:00;Craig Brown;fruit
127;20:53:00;Gerald Frost;spices
128;20:53:00;Brian Griffin;drinks
129;20:53:00;Courtney Camacho;dairy
130;20:53:00;Erin Diaz DDS;drinks
131;20:53:00;Mark Holmes;checkout and leave
132;20:53:00;Alisha Frost;dairy
133;20:53:00;David Cook;spices
134;20:53:00;Heather Ball MD;dairy
135;20:53:00;Steven Zamora;dairy
136;20:53:00;Emily Smith;dairy
137;20:53:00;Darryl Gonzalez;drinks
138;20:53:00;Cindy Garza;fruit
139;20:53:00;Steven Neal;spices
140;20:53:00;Jonathan Harris;dairy
141;20:53:00;Lisa Vang;spices
142;20:53:00;Jonathan Warner;entrance
143;20:53:00;Vicki Martin;entrance
144;20:53:00;Lacey Galvan;entrance
145;20:53:00;Anthony Espinoza;entrance
146;20:53:00;Beth Ruiz;entrance
147;20:53:00;Kelly Stephens;entrance
148;20:53:00;Robyn Jackson;entrance
149;20:53:00;George Hogan;entrance
150;20:54:00;Timothy Jackson;checkout and leave
151;20:54:00;Antonio Howard;spices
152;20:54:00;Joseph Davis;fruit
153;20:54:00;Michael Stanton;dairy
154;20:54:00;Eric Henry;dairy
155;20:54:00;Gregory Morgan;dairy
156;20:54:00;Albert Crosby;spices
157;20:54:00;Robert Roberts;checkout and leave
158;20:54:00;Jessica Perez;spices
159;20:54:00;Morgan Cooper;checkout and leave
160;20:54:00;Craig Brown;checkout and leave
161;20:54:00;Gerald Frost;drinks
162;20:54:00;Brian Griffin;drinks
163;20:54:00;Courtney Camacho;fruit
164;20:54:00;Erin Diaz DDS;drinks
165;20:54:00;Alisha Frost;dairy
166;20:54:00;David Cook;fruit
167;20:54:00;Heather Ball MD;dairy
168;20:54:00;Steven Zamora;dairy
169;20:54:00;Emily Smith;checkout and leave
170;20:54:00;Darryl Gonzalez;drinks
171;20:54:00;Cindy Garza;fruit
172;20:54:00;Steven Neal;fruit
173;20:54:00;Jonathan Harris;fruit
174;20:54:00;Lisa Vang;fruit
175;20:54:00;Jonathan Warner;spices
176;20:54:00;Vicki Martin;dairy
177;20:54:00;Lacey Galvan;drinks
178;20:54:00;Anthony Espinoza;dairy
179;20:54:00;Beth Ruiz;drinks
180;20:54:00;Kelly Stephens;fruit
181;20:54:00;Robyn Jackson;drinks
182;20:54:00;George Hogan;spices
183;20:54:00;Stephanie Williams;entrance
184;20:54:00;Nicole Nichols;entrance
185;20:54:00;Michael Holmes;entrance
186;20:54:00;Jennifer Pearson;entrance
187;20:54:00;Taylor Barrett;entrance
188;20:55:00;Antonio Howard;fruit
189;20:55:00;Joseph Davis;dairy
190;20:55:00;Michael Stanton;dairy
191;20:55:00;Eric Henry;dairy
192;20:55:00;Gregory Morgan;dairy
193;20:55:00;Albert Crosby;spices
194;20:55:00;Jessica Perez;checkout and leave
195;20:55:00;Craig Brown;checkout and leave
196;20:55:00;Gerald Frost;drinks
197;20:55:00;Brian Griffin;dairy
198;20:55:00;Courtney Camacho;dairy
199;20:55:00;Erin Diaz DDS;drinks
200;20:55:00;Alisha Frost;fruit
201;20:55:00;David Cook;dairy
202;20:55:00;Heather Ball MD;drinks
203;20:55:00;Steven Zamora;fruit
204;20:55:00;Darryl Gonzalez;dairy
205;20:55:00;Cindy Garza;fruit
206;20:55:00;Steven Neal;drinks
207;20:55:00;Jonathan Harris;dairy
208;20:55:00;Lisa Vang;checkout and leave
209;20:55:00;Jonathan Warner;drinks
210;20:55:00;Vicki Martin;dairy
211;20:55:00;Lacey Galvan;drinks
212;20:55:00;Anthony Espinoza;checkout and leave
213;20:55:00;Beth Ruiz;fruit
214;20:55:00;Kelly Stephens;dairy
215;20:55:00;Robyn Jackson;fruit
216;20:55:00;George Hogan;fruit
217;20:55:00;Stephanie Williams;spices
218;20:55:00;Nicole Nichols;fruit
219;20:55:00;Michael Holmes;spices
220;20:55:00;Jennifer Pearson;fruit
221;20:55:00;Taylor Barrett;dairy
222;20:56:00;Antonio Howard;fruit
223;20:56:00;Joseph Davis;dairy
224;20:56:00;Michael Stanton;dairy
225;20:56:00;Eric Henry;dairy
226;20:56:00;Gregory Morgan;dairy
227;20:56:00;Albert Crosby;drinks
228;20:56:00;Craig Brown;checkout and leave
229;20:56:00;Gerald Frost;drinks
230;20:56:00;Brian Griffin;checkout and leave
231;20:56:00;Courtney Camacho;dairy
232;20:56:00;Erin Diaz DDS;checkout and leave
233;20:56:00;Alisha Frost;fruit
234;20:56:00;David Cook;spices
235;20:56:00;Heather Ball MD;dairy
236;20:56:00;Steven Zamora;dairy
237;20:56:00;Darryl Gonzalez;fruit
238;20:56:00;Cindy Garza;checkout and leave
239;20:56:00;Steven Neal;dairy
240;20:56:00;Jonathan Harris;dairy
241;20:56:00;Jonathan Warner;fruit
242;20:56:00;Vicki Martin;fruit
243;20:56:00;Lacey Galvan;drinks
244;20:56:00;Beth Ruiz;drinks
245;20:56:00;Kelly Stephens;checkout and leave
246;20:56:00;Robyn Jackson;drinks
247;20:56:00;George Hogan;fruit
248;20:56:00;Stephanie Williams;spices
249;20:56:00;Nicole Nichols;fruit
250;20:56:00;Michael Holmes;dairy
251;20:56:00;Jennifer Pearson;drinks
252;20:56:00;Taylor Barrett;dairy
253;20:56:00;Nicholas Martinez;entrance
254;20:56:00;Alexandria Barnes;entrance
255;20:56:00;Daniel Alvarez;entrance
256;20:56:00;Becky Chandler;entrance
257;20:57:00;Antonio Howard;drinks
258;20:57:00;Joseph Davis;dairy
259;20:57:00;Michael Stanton;fruit
260;20:57:00;Eric Henry;checkout and leave
261;20:57:00;Gregory Morgan;drinks
262;20:57:00;Albert Crosby;drinks
263;20:57:00;Gerald Frost;spices
264;20:57:00;Courtney Camacho;drinks
265;20:57:00;Alisha Frost;checkout and leave
266;20:57:00;David Cook;fruit
267;20:57:00;Heather Ball MD;fruit
268;20:57:00;Steven Zamora;dairy
269;20:57:00;Darryl Gonzalez;fruit
270;20:57:00;Steven Neal;dairy
271;20:57:00;Jonathan Harris;checkout and leave
272;20:57:00;Jonathan Warner;fruit
273;20:57:00;Vicki Martin;fruit
274;20:57:00;Lacey Galvan;checkout and leave
275;20:57:00;Beth Ruiz;dairy
276;20:57:00;Robyn Jackson;dairy
277;20:57:00;George Hogan;checkout and leave
278;20:57:00;Stephanie Williams;drinks
279;20:57:00;Nicole Nichols;fruit
280;20:57:00;Michael Holmes;fruit
281;20:57:00;Jennifer Pearson;checkout and leave
282;20:57:00;Taylor Barrett;fruit
283;20:57:00;Nicholas Martinez;fruit
284;20:57:00;Alexandria Barnes;spices
285;20:57:00;Daniel Alvarez;dairy
286;20:57:00;Becky Chandler;fruit
287;20:57:00;Bradley Dawson;entrance
288;20:57:00;Carlos Dougherty;entrance
289;20:57:00;Cory Vaughn;entrance
290;20:57:00;Brian Fisher;entrance
291;20:57:00;Lisa Smith;entrance
292;20:57:00;Joshua Durham;entrance
293;20:57:00;Ian Durham;entrance
294;20:58:00;Antonio Howard;fruit
295;20:58:00;Joseph Davis;fruit
296;20:58:00;Michael Stanton;checkout and leave
297;20:58:00;Gregory Morgan;fruit
298;20:58:00;Albert Crosby;drinks
299;20:58:00;Gerald Frost;spices
300;20:58:00;Courtney Camacho;dairy
301;20:58:00;David Cook;dairy
302;20:58:00;Heather Ball MD;drinks
303;20:58:00;Steven Zamora;fruit
304;20:58:00;Darryl Gonzalez;fruit
305;20:58:00;Steven Neal;dairy
306;20:58:00;Jonathan Warner;dairy
307;20:58:00;Vicki Martin;dairy
308;20:58:00;Beth Ruiz;spices
309;20:58:00;Robyn Jackson;checkout and leave
310;20:58:00;Stephanie Williams;fruit
311;20:58:00;Nicole Nichols;spices
312;20:58:00;Michael Holmes;fruit
313;20:58:00;Taylor Barrett;dairy
314;20:58:00;Nicholas Martinez;dairy
315;20:58:00;Alexandria Barnes;drinks
316;20:58:00;Daniel Alvarez;dairy
317;20:58:00;Becky Chandler;fruit
318;20:58:00;Bradley Dawson;fruit
319;20:58:00;Carlos Dougherty;spices
320;20:58:00;Cory Vaughn;dairy
321;20:58:00;Brian Fisher;spices
322;20:58:00;Lisa Smith;fruit
323;20:58:00;Joshua Durham;spices
324;20:58:00;Ian Durham;spices
325;20:58:00;Michael Haynes;entrance
326;20:58:00;Haley Carter;entrance
327;20:58:00;Amy Klein;entrance
328;20:58:00;Michael Harris;entrance
329;20:58:00;Jennifer Smith;entrance
330;20:59:00;Antonio Howard;dairy
331;20:59:00;Joseph Davis;dairy
332;20:59:00;Gregory Morgan;spices
333;20:59:00;Albert Crosby;fruit
334;20:59:00;Gerald Frost;dairy
335;20:59:00;Courtney Camacho;fruit
336;20:59:00;David Cook;drinks
337;20:59:00;Heather Ball MD;dairy
338;20:59:00;Steven Zamora;fruit
339;20:59:00;Darryl Gonzalez;fruit
340;20:59:00;Steven Neal;dairy
341;20:59:00;Jonathan Warner;dairy
342;20:59:00;Vicki Martin;checkout and leave
343;20:59:00;Beth Ruiz;dairy
344;20:59:00;Stephanie Williams;fruit
345;20:59:00;Nicole Nichols;fruit
346;20:59:00;Michael Holmes;drinks
347;20:59:00;Taylor Barrett;dairy
348;20:59:00;Nicholas Martinez;fruit
349;20:59:00;Alexandria Barnes;fruit
350;20:59:00;Daniel Alvarez;fruit
351;20:59:00;Becky Chandler;drinks
352;20:59:00;Bradley Dawson;dairy
353;20:59:00;Carlos Dougherty;dairy
354;20:59:00;Cory Vaughn;dairy
355;20:59:00;Brian Fisher;fruit
356;20:59:00;Lisa Smith;dairy
357;20:59:00;Joshua Durham;checkout and leave
358;20:59:00;Ian Durham;checkout and leave
359;20:59:00;Michael Haynes;dairy
360;20:59:00;Haley Carter;spices
361;20:59:00;Amy Klein;spices
362;20:59:00;Michael Harris;spices
363;20:59:00;Jennifer Smith;fruit
364;20:59:00;Courtney Young;entrance
365;20:59:00;George Hall;entrance
366;20:59:00;Hector Levy;entrance
367;20:59:00;Bill Martinez;entrance
368;20:59:00;Michael Robinson;entrance
369;20:59:00;Rebecca Richards;entrance
370;20:59:00;Tanya Henry;entrance
371;20:59:00;Teresa Brown;entrance
372;21:00:00;Antonio Howard;spices
373;21:00:00;Joseph Davis;dairy
374;21:00:00;Gregory Morgan;drinks
375;21:00:00;Albert Crosby;checkout and leave
376;21:00:00;Gerald Frost;checkout and leave
377;21:00:00;Courtney Camacho;fruit
378;21:00:00;David Cook;drinks
379;21:00:00;Heather Ball MD;fruit
380;21:00:00;Steven Zamora;fruit
381;21:00:00;Darryl Gonzalez;dairy
382;21:00:00;Steven Neal;drinks
383;21:00:00;Jonathan Warner;drinks
384;21:00:00;Beth Ruiz;spices
385;21:00:00;Stephanie Williams;dairy
386;21:00:00;Nicole Nichols;drinks
387;21:00:00;Michael Holmes;drinks
388;21:00:00;Taylor Barrett;dairy
389;21:00:00;Nicholas Martinez;dairy
390;21:00:00;Alexandria Barnes;fruit
391;21:00:00;Daniel Alvarez;drinks
392;21:00:00;Becky Chandler;drinks
393;21:00:00;Bradley Dawson;spices
394;21:00:00;Carlos Dougherty;spices
395;21:00:00;Cory Vaughn;checkout and leave
396;21:00:00;Brian Fisher;dairy
397;21:00:00;Lisa Smith;fruit
398;21:00:00;Ian Durham;checkout and leave
399;21:00:00;Michael Haynes;checkout and leave
400;21:00:00;Haley Carter;drinks
401;21:00:00;Amy Klein;fruit
402;21:00:00;Michael Harris;dairy
403;21:00:00;Jennifer Smith;fruit
404;21:00:00;Courtney Young;fruit
405;21:00:00;George Hall;dairy
406;21:00:00;Hector Levy;spices
407;21:00:00;Bill Martinez;dairy
408;21:00:00;Michael Robinson;fruit
409;21:00:00;Rebecca Richards;spices
410;21:00:00;Tanya Henry;dairy
411;21:00:00;Teresa Brown;drinks
412;21:00:00;Summer Garcia;entrance
413;21:01:00;Antonio Howard;fruit
414;21:01:00;Joseph Davis;fruit
415;21:01:00;Gregory Morgan;checkout and leave
416;21:01:00;Gerald Frost;checkout and leave
417;21:01:00;Courtney Camacho;checkout and leave
418;21:01:00;David Cook;fruit
419;21:01:00;Heather Ball MD;fruit
420;21:01:00;Steven Zamora;dairy
421;21:01:00;Darryl Gonzalez;spices
422;21:01:00;Steven Neal;fruit
423;21:01:00;Jonathan Warner;dairy
424;21:01:00;Beth Ruiz;dairy
425;21:01:00;Stephanie Williams;fruit
426;21:01:00;Nicole Nichols;spices
427;21:01:00;Michael Holmes;dairy
428;21:01:00;Taylor Barrett;fruit
429;21:01:00;Nicholas Martinez;checkout and leave
430;21:01:00;Alexandria Barnes;fruit
431;21:01:00;Daniel Alvarez;checkout and leave
432;21:01:00;Becky Chandler;checkout and leave
433;21:01:00;Bradley Dawson;fruit
434;21:01:00;Carlos Dougherty;fruit
435;21:01:00;Brian Fisher;dairy
436;21:01:00;Lisa Smith;spices
437;21:01:00;Michael Haynes;checkout and leave
438;21:01:00;Haley Carter;drinks
439;21:01:00;Amy Klein;checkout and leave
440;21:01:00;Michael Harris;dairy
441;21:01:00;Jennifer Smith;dairy
442;21:01:00;Courtney Young;spices
443;21:01:00;George Hall;checkout and leave
444;21:01:00;Hector Levy;dairy
445;21:01:00;Bill Martinez;fruit
446;21:01:00;Michael Robinson;spices
447;21:01:00;Rebecca Richards;dairy
448;21:01:00;Tanya Henry;dairy
449;21:01:00;Teresa Brown;dairy
450;21:01:00;Summer Garcia;dairy
451;21:01:00;Kimberly Gomez;entrance
452;21:01:00;Robert Davis;entrance
453;21:02:00;Antonio Howard;drinks
454;21:02:00;Joseph Davis;dairy
455;21:02:00;Gerald Frost;checkout and leave
456;21:02:00;David Cook;drinks
457;21:02:00;Heather Ball MD;dairy
458;21:02:00;Steven Zamora;fruit
459;21:02:00;Darryl Gonzalez;checkout and leave
460;21:02:00;Steven Neal;spices
461;21:02:00;Jonathan Warner;drinks
462;21:02:00;Beth Ruiz;dairy
463;21:02:00;Stephanie Williams;dairy
464;21:02:00;Nicole Nichols;dairy
465;21:02:00;Michael Holmes;dairy
466;21:02:00;Taylor Barrett;drinks
467;21:02:00;Alexandria Barnes;fruit
468;21:02:00;Becky Chandler;checkout and leave
469;21:02:00;Bradley Dawson;dairy
470;21:02:00;Carlos Dougherty;drinks
471;21:02:00;Brian Fisher;drinks
472;21:02:00;Lisa Smith;dairy
473;21:02:00;Haley Carter;checkout and leave
474;21:02:00;Michael Harris;dairy
475;21:02:00;Jennifer Smith;drinks
476;21:02:00;Courtney Young;dairy
477;21:02:00;Hector Levy;dairy
478;21:02:00;Bill Martinez;checkout and leave
479;21:02:00;Michael Robinson;dairy
480;21:02:00;Rebecca Richards;spices
481;21:02:00;Tanya Henry;dairy
482;21:02:00;Teresa Brown;spices
483;21:02:00;Summer Garcia;dairy
484;21:02:00;Kimberly Gomez;fruit
485;21:02:00;Robert Davis;fruit
486;21:02:00;Matthew Miller;entrance
487;21:02:00;Austin Howard;entrance
488;21:02:00;Hailey Fields;entrance
489;21:02:00;Diane Clark;entrance
490;21:02:00;Anna Elliott;entrance
491;21:03:00;Antonio Howard;checkout and leave
492;21:03:00;Joseph Davis;dairy
493;21:03:00;David Cook;dairy
494;21:03:00;Heather Ball MD;fruit
495;21:03:00;Steven Zamora;checkout and leave
496;21:03:00;Steven Neal;fruit
497;21:03:00;Jonathan Warner;drinks
498;21:03:00;Beth Ruiz;drinks
499;21:03:00;Stephanie Williams;fruit
500;21:03:00;Nicole Nichols;drinks
501;21:03:00;Michael Holmes;drinks
502;21:03:00;Taylor Barrett;checkout and leave
503;21:03:00;Alexandria Barnes;checkout and leave
504;21:03:00;Bradley Dawson;spices
505;21:03:00;Carlos Dougherty;dairy
506;21:03:00;Brian Fisher;fruit
507;21:03:00;Lisa Smith;checkout and leave
508;21:03:00;Michael Harris;drinks
509;21:03:00;Jennifer Smith;fruit
510;21:03:00;Courtney Young;dairy
511;21:03:00;Hector Levy;spices
512;21:03:00;Michael Robinson;dairy
513;21:03:00;Rebecca Richards;fruit
514;21:03:00;Tanya Henry;drinks
515;21:03:00;Teresa Brown;fruit
516;21:03:00;Summer Garcia;checkout and leave
517;21:03:00;Kimberly Gomez;fruit
518;21:03:00;Robert Davis;fruit
519;21:03:00;Matthew Miller;drinks
520;21:03:00;Austin Howard;dairy
521;21:03:00;Hailey Fields;fruit
522;21:03:00;Diane Clark;fruit
523;21:03:00;Anna Elliott;spices
524;21:03:00;Daniel Hernandez;entrance
525;21:03:00;Donna Vasquez;entrance
526;21:03:00;Sarah Jackson;entrance
527;21:03:00;Leslie Medina;entrance
528;21:03:00;David English;entrance
529;21:03:00;Michael Pitts;entrance
530;21:03:00;Valerie Rose;entrance
531;21:04:00;Joseph Davis;checkout and leave
532;21:04:00;David Cook;dairy
533;21:04:00;Heather Ball MD;dairy
534;21:04:00;Steven Neal;dairy
535;21:04:00;Jonathan Warner;dairy
536;21:04:00;Beth Ruiz;spices
537;21:04:00;Stephanie Williams;drinks
538;21:04:00;Nicole Nichols;fruit
539;21:04:00;Michael Holmes;fruit
540;21:04:00;Alexandria Barnes;checkout and leave
541;21:04:00;Bradley Dawson;drinks
542;21:04:00;Carlos Dougherty;fruit
543;21:04:00;Brian Fisher;fruit
544;21:04:00;Michael Harris;dairy
545;21:04:00;Jennifer Smith;dairy
546;21:04:00;Courtney Young;spices
547;21:04:00;Hector Levy;checkout and leave
548;21:04:00;Michael Robinson;dairy
549;21:04:00;Rebecca Richards;spices
550;21:04:00;Tanya Henry;dairy
551;21:04:00;Teresa Brown;checkout and leave
552;21:04:00;Kimberly Gomez;dairy
553;21:04:00;Robert Davis;fruit
554;21:04:00;Matthew Miller;dairy
555;21:04:00;Austin Howard;fruit
556;21:04:00;Hailey Fields;checkout and leave
557;21:04:00;Diane Clark;drinks
558;21:04:00;Anna Elliott;fruit
559;21:04:00;Daniel Hernandez;fruit
560;21:04:00;Donna Vasquez;drinks
561;21:04:00;Sarah Jackson;fruit
562;21:04:00;Leslie Medina;dairy
563;21:04:00;David English;drinks
564;21:04:00;Michael Pitts;drinks
565;21:04:00;Valerie Rose;dairy
566;21:04:00;Douglas Jensen;entrance
567;21:05:00;David Cook;dairy
568;21:05:00;Heather Ball MD;checkout and leave
569;21:05:00;Steven Neal;dairy
570;21:05:00;Jonathan Warner;fruit
571;21:05:00;Beth Ruiz;drinks
572;21:05:00;Stephanie Williams;drinks
573;21:05:00;Nicole Nichols;dairy
574;21:05:00;Michael Holmes;fruit
575;21:05:00;Bradley Dawson;dairy
576;21:05:00;Carlos Dougherty;fruit
577;21:05:00;Brian Fisher;fruit
578;21:05:00;Michael Harris;drinks
579;21:05:00;Jennifer Smith;checkout and leave
580;21:05:00;Courtney Young;dairy
581;21:05:00;Michael Robinson;fruit
582;21:05:00;Rebecca Richards;fruit
583;21:05:00;Tanya Henry;fruit
584;21:05:00;Kimberly Gomez;fruit
585;21:05:00;Robert Davis;dairy
586;21:05:00;Matthew Miller;drinks
587;21:05:00;Austin Howard;drinks
588;21:05:00;Diane Clark;fruit
589;21:05:00;Anna Elliott;spices
590;21:05:00;Daniel Hernandez;spices
591;21:05:00;Donna Vasquez;checkout and leave
592;21:05:00;Sarah Jackson;spices
593;21:05:00;Leslie Medina;checkout and leave
594;21:05:00;David English;fruit
595;21:05:00;Michael Pitts;spices
596;21:05:00;Valerie Rose;checkout and leave
597;21:05:00;Douglas Jensen;drinks
598;21:05:00;Joel Fitzpatrick;entrance
599;21:05:00;Valerie Perez;entrance
600;21:05:00;Ian Smith;entrance
601;21:05:00;Elizabeth Landry;entrance
602;21:05:00;Cindy Mccullough;entrance
603;21:05:00;Brian Dominguez;entrance
604;21:05:00;Jose Green;entrance
605;21:05:00;Elizabeth Watkins;entrance
606;21:05:00;Eric Russell;entrance
607;21:06:00;David Cook;dairy
608;21:06:00;Steven Neal;drinks
609;21:06:00;Jonathan Warner;drinks
610;21:06:00;Beth Ruiz;dairy
611;21:06:00;Stephanie Williams;dairy
612;21:06:00;Nicole Nichols;dairy
613;21:06:00;Michael Holmes;fruit
614;21:06:00;Bradley Dawson;spices
615;21:06:00;Carlos Dougherty;spices
616;21:06:00;Brian Fisher;fruit
617;21:06:00;Michael Harris;checkout and leave
618;21:06:00;Courtney Young;dairy
619;21:06:00;Michael Robinson;checkout and leave
620;21:06:00;Rebecca Richards;drinks
621;21:06:00;Tanya Henry;fruit
622;21:06:00;Kimberly Gomez;dairy
623;21:06:00;Robert Davis;fruit
624;21:06:00;Matthew Miller;drinks
625;21:06:00;Austin Howard;spices
626;21:06:00;Diane Clark;dairy
627;21:06:00;Anna Elliott;dairy
628;21:06:00;Daniel Hernandez;fruit
629;21:06:00;Sarah Jackson;fruit
630;21:06:00;David English;drinks
631;21:06:00;Michael Pitts;spices
632;21:06:00;Douglas Jensen;dairy
633;21:06:00;Joel Fitzpatrick;spices
634;21:06:00;Valerie Perez;spices
635;21:06:00;Ian Smith;spices
636;21:06:00;Elizabeth Landry;dairy
637;21:06:00;Cindy Mccullough;drinks
638;21:06:00;Brian Dominguez;spices
639;21:06:00;Jose Green;spices
640;21:06:00;Elizabeth Watkins;spices
641;21:06:00;Eric Russell;fruit
642;21:06:00;Shawn Carrillo;entrance
643;21:06:00;Eric Holloway;entrance
644;21:06:00;Nancy Cardenas;entrance
645;21:06:00;Matthew Smith;entrance
646;21:06:00;Richard Roberts;entrance
647;21:06:00;Joseph Bailey Jr.;entrance
648;21:07:00;David Cook;spices
649;21:07:00;Steven Neal;checkout and leave
650;21:07:00;Jonathan Warner;checkout and leave
651;21:07:00;Beth Ruiz;dairy
652;21:07:00;Stephanie Williams;dairy
653;21:07:00;Nicole Nichols;spices
654;21:07:00;Michael Holmes;drinks
655;21:07:00;Bradley Dawson;checkout and leave
656;21:07:00;Carlos Dougherty;dairy
657;21:07:00;Brian Fisher;spices
658;21:07:00;Courtney Young;drinks
659;21:07:00;Rebecca Richards;spices
660;21:07:00;Tanya Henry;drinks
661;21:07:00;Kimberly Gomez;spices
662;21:07:00;Robert Davis;drinks
663;21:07:00;Matthew Miller;checkout and leave
664;21:07:00;Austin Howard;dairy
665;21:07:00;Diane Clark;drinks
666;21:07:00;Anna Elliott;drinks
667;21:07:00;Daniel Hernandez;dairy
668;21:07:00;Sarah Jackson;spices
669;21:07:00;David English;dairy
670;21:07:00;Michael Pitts;checkout and leave
671;21:07:00;Douglas Jensen;dairy
672;21:07:00;Joel Fitzpatrick;dairy
673;21:07:00;Valerie Perez;drinks
674;21:07:00;Ian Smith;fruit
675;21:07:00;Elizabeth Landry;fruit
676;21:07:00;Cindy Mccullough;drinks
677;21:07:00;Brian Dominguez;drinks
678;21:07:00;Jose Green;dairy
679;21:07:00;Elizabeth Watkins;dairy
680;21:07:00;Eric Russell;fruit
681;21:07:00;Shawn Carrillo;spices
682;21:07:00;Eric Holloway;drinks
683;21:07:00;Nancy Cardenas;dairy
684;21:07:00;Matthew Smith;drinks
685;21:07:00;Richard Roberts;drinks
686;21:07:00;Joseph Bailey Jr.;drinks
687;21:08:00;David Cook;fruit
688;21:08:00;Jonathan Warner;checkout and leave
689;21:08:00;Beth Ruiz;fruit
690;21:08:00;Stephanie Williams;dairy
691;21:08:00;Nicole Nichols;dairy
692;21:08:00;Michael Holmes;fruit
693;21:08:00;Carlos Dougherty;dairy
694;21:08:00;Brian Fisher;drinks
695;21:08:00;Courtney Young;fruit
696;21:08:00;Rebecca Richards;dairy
697;21:08:00;Tanya Henry;drinks
698;21:08:00;Kimberly Gomez;dairy
699;21:08:00;Robert Davis;dairy
700;21:08:00;Austin Howard;fruit
701;21:08:00;Diane Clark;drinks
702;21:08:00;Anna Elliott;fruit
703;21:08:00;Daniel Hernandez;spices
704;21:08:00;Sarah Jackson;dairy
705;21:08:00;David English;fruit
706;21:08:00;Douglas Jensen;fruit
707;21:08:00;Joel Fitzpatrick;dairy
708;21:08:00;Valerie Perez;drinks
709;21:08:00;Ian Smith;fruit
710;21:08:00;Elizabeth Landry;fruit
711;21:08:00;Cindy Mccullough;dairy
712;21:08:00;Brian Dominguez;drinks
713;21:08:00;Jose Green;dairy
714;21:08:00;Elizabeth Watkins;spices
715;21:08:00;Eric Russell;fruit
716;21:08:00;Shawn Carrillo;fruit
717;21:08:00;Eric Holloway;dairy
718;21:08:00;Nancy Cardenas;dairy
719;21:08:00;Matthew Smith;dairy
720;21:08:00;Richard Roberts;dairy
721;21:08:00;Joseph Bailey Jr.;drinks
722;21:08:00;Valerie Kelly;entrance
723;21:08:00;Tiffany Castillo;entrance
724;21:08:00;Nicholas Williams;entrance
725;21:09:00;David Cook;dairy
726;21:09:00;Beth Ruiz;drinks
727;21:09:00;Stephanie Williams;dairy
728;21:09:00;Nicole Nichols;checkout and leave
729;21:09:00;Michael Holmes;dairy
730;21:09:00;Carlos Dougherty;fruit
731;21:09:00;Brian Fisher;spices
732;21:09:00;Courtney Young;dairy
733;21:09:00;Rebecca Richards;fruit
734;21:09:00;Tanya Henry;checkout and leave
735;21:09:00;Kimberly Gomez;drinks
736;21:09:00;Robert Davis;fruit
737;21:09:00;Austin Howard;dairy
738;21:09:00;Diane Clark;dairy
739;21:09:00;Anna Elliott;spices
740;21:09:00;Daniel Hernandez;dairy
741;21:09:00;Sarah Jackson;checkout and leave
742;21:09:00;David English;dairy
743;21:09:00;Douglas Jensen;fruit
744;21:09:00;Joel Fitzpatrick;dairy
745;21:09:00;Valerie Perez;dairy
746;21:09:00;Ian Smith;spices
747;21:09:00;Elizabeth Landry;drinks
748;21:09:00;Cindy Mccullough;fruit
749;21:09:00;Brian Dominguez;fruit
750;21:09:00;Jose Green;dairy
751;21:09:00;Elizabeth Watkins;drinks
752;21:09:00;Eric Russell;fruit
753;21:09:00;Shawn Carrillo;dairy
754;21:09:00;Eric Holloway;dairy
755;21:09:00;Nancy Cardenas;fruit
756;21:09:00;Matthew Smith;dairy
757;21:09:00;Richard Roberts;dairy
758;21:09:00;Joseph Bailey Jr.;fruit
759;21:09:00;Valerie Kelly;dairy
760;21:09:00;Tiffany Castillo;fruit
761;21:09:00;Nicholas Williams;dairy
762;21:09:00;Melissa Schmidt;entrance
763;21:09:00;Gerald Smith;entrance
764;21:09:00;James Ward;entrance
765;21:09:00;Jesus Crawford;entrance
766;21:10:00;David Cook;spices
767;21:10:00;Beth Ruiz;dairy
768;21:10:00;Stephanie Williams;dairy
769;21:10:00;Michael Holmes;dairy
770;21:10:00;Carlos Dougherty;checkout and leave
771;21:10:00;Brian Fisher;drinks
772;21:10:00;Courtney Young;dairy
773;21:10:00;Rebecca Richards;fruit
774;21:10:00;Kimberly Gomez;dairy
775;21:10:00;Robert Davis;checkout and leave
776;21:10:00;Austin Howard;drinks
777;21:10:00;Diane Clark;checkout and leave
778;21:10:00;Anna Elliott;dairy
779;21:10:00;Daniel Hernandez;fruit
780;21:10:00;David English;fruit
781;21:10:00;Douglas Jensen;fruit
782;21:10:00;Joel Fitzpatrick;checkout and leave
783;21:10:00;Valerie Perez;fruit
784;21:10:00;Ian Smith;dairy
785;21:10:00;Elizabeth Landry;fruit
786;21:10:00;Cindy Mccullough;dairy
787;21:10:00;Brian Dominguez;spices
788;21:10:00;Jose Green;checkout and leave
789;21:10:00;Elizabeth Watkins;dairy
790;21:10:00;Eric Russell;dairy
791;21:10:00;Shawn Carrillo;dairy
792;21:10:00;Eric Holloway;dairy
793;21:10:00;Nancy Cardenas;drinks
794;21:10:00;Matthew Smith;drinks
795;21:10:00;Richard Roberts;dairy
796;21:10:00;Joseph Bailey Jr.;fruit
797;21:10:00;Valerie Kelly;dairy
798;21:10:00;Tiffany Castillo;fruit
799;21:10:00;Nicholas Williams;drinks
800;21:10:00;Melissa Schmidt;drinks
801;21:10:00;Gerald Smith;spices
802;21:10:00;James Ward;dairy
803;21:10:00;Jesus Crawford;fruit
804;21:10:00;Robert James;entrance
805;21:10:00;Joseph Curtis;entrance
806;21:10:00;Michael Horn;entrance
807;21:11:00;David Cook;spices
808;21:11:00;Beth Ruiz;dairy
809;21:11:00;Stephanie Williams;spices
810;21:11:00;Michael Holmes;spices
811;21:11:00;Brian Fisher;dairy
812;21:11:00;Courtney Young;spices
813;21:11:00;Rebecca Richards;dairy
814;21:11:00;Kimberly Gomez;fruit
815;21:11:00;Austin Howard;spices
816;21:11:00;Anna Elliott;spices
817;21:11:00;Daniel Hernandez;drinks
818;21:11:00;David English;dairy
819;21:11:00;Douglas Jensen;fruit
820;21:11:00;Valerie Perez;checkout and leave
821;21:11:00;Ian Smith;checkout and leave
822;21:11:00;Elizabeth Landry;dairy
823;21:11:00;Cindy Mccullough;fruit
824;21:11:00;Brian Dominguez;fruit
825;21:11:00;Elizabeth Watkins;spices
826;21:11:00;Eric Russell;checkout and leave
827;21:11:00;Shawn Carrillo;dairy
828;21:11:00;Eric Holloway;drinks
829;21:11:00;Nancy Cardenas;dairy
830;21:11:00;Matthew Smith;dairy
831;21:11:00;Richard Roberts;spices
832;21:11:00;Joseph Bailey Jr.;checkout and leave
833;21:11:00;Valerie Kelly;drinks
834;21:11:00;Tiffany Castillo;fruit
835;21:11:00;Nicholas Williams;dairy
836;21:11:00;Melissa Schmidt;fruit
837;21:11:00;Gerald Smith;spices
838;21:11:00;James Ward;dairy
839;21:11:00;Jesus Crawford;dairy
840;21:11:00;Robert James;dairy
841;21:11:00;Joseph Curtis;dairy
842;21:11:00;Michael Horn;fruit
843;21:11:00;Jerry Watkins;entrance
844;21:11:00;Lisa Robinson;entrance
845;21:12:00;David Cook;fruit
846;21:12:00;Beth Ruiz;dairy
847;21:12:00;Stephanie Williams;fruit
848;21:12:00;Michael Holmes;drinks
849;21:12:00;Brian Fisher;drinks
850;21:12:00;Courtney Young;spices
851;21:12:00;Rebecca Richards;spices
852;21:12:00;Kimberly Gomez;dairy
853;21:12:00;Austin Howard;spices
854;21:12:00;Anna Elliott;dairy
855;21:12:00;Daniel Hernandez;dairy
856;21:12:00;David English;drinks
857;21:12:00;Douglas Jensen;fruit
858;21:12:00;Ian Smith;checkout and leave
859;21:12:00;Elizabeth Landry;spices
860;21:12:00;Cindy Mccullough;checkout and leave
861;21:12:00;Brian Dominguez;drinks
862;21:12:00;Elizabeth Watkins;spices
863;21:12:00;Shawn Carrillo;fruit
864;21:12:00;Eric Holloway;drinks
865;21:12:00;Nancy Cardenas;spices
866;21:12:00;Matthew Smith;dairy
867;21:12:00;Richard Roberts;dairy
868;21:12:00;Valerie Kelly;dairy
869;21:12:00;Tiffany Castillo;dairy
870;21:12:00;Nicholas Williams;checkout and leave
871;21:12:00;Melissa Schmidt;drinks
872;21:12:00;Gerald Smith;dairy
873;21:12:00;James Ward;spices
874;21:12:00;Jesus Crawford;fruit
875;21:12:00;Robert James;checkout and leave
876;21:12:00;Joseph Curtis;dairy
877;21:12:00;Michael Horn;dairy
878;21:12:00;Jerry Watkins;spices
879;21:12:00;Lisa Robinson;spices
880;21:12:00;Mariah Sharp;entrance
881;21:12:00;Crystal Davis;entrance
882;21:12:00;Jared Taylor;entrance
883;21:13:00;David Cook;drinks
884;21:13:00;Beth Ruiz;checkout and leave
885;21:13:00;Stephanie Williams;dairy
886;21:13:00;Michael Holmes;dairy
887;21:13:00;Brian Fisher;checkout and leave
888;21:13:00;Courtney Young;spices
889;21:13:00;Rebecca Richards;drinks
890;21:13:00;Kimberly Gomez;drinks
891;21:13:00;Austin Howard;fruit
892;21:13:00;Anna Elliott;dairy
893;21:13:00;Daniel Hernandez;spices
894;21:13:00;David English;dairy
895;21:13:00;Douglas Jensen;dairy
896;21:13:00;Elizabeth Landry;drinks
897;21:13:00;Brian Dominguez;fruit
898;21:13:00;Elizabeth Watkins;fruit
899;21:13:00;Shawn Carrillo;dairy
900;21:13:00;Eric Holloway;fruit
901;21:13:00;Nancy Cardenas;drinks
902;21:13:00;Matthew Smith;spices
903;21:13:00;Richard Roberts;drinks
904;21:13:00;Valerie Kelly;fruit
905;21:13:00;Tiffany Castillo;fruit
906;21:13:00;Melissa Schmidt;spices
907;21:13:00;Gerald Smith;drinks
908;21:13:00;James Ward;dairy
909;21:13:00;Jesus Crawford;fruit
910;21:13:00;Joseph Curtis;checkout and leave
911;21:13:00;Michael Horn;dairy
912;21:13:00;Jerry Watkins;drinks
913;21:13:00;Lisa Robinson;dairy
914;21:13:00;Mariah Sharp;spices
915;21:13:00;Crystal Davis;dairy
916;21:13:00;Jared Taylor;spices
917;21:14:00;David Cook;spices
918;21:14:00;Stephanie Williams;drinks
919;21:14:00;Michael Holmes;drinks
920;21:14:00;Courtney Young;checkout and leave
921;21:14:00;Rebecca Richards;dairy
922;21:14:00;Kimberly Gomez;dairy
923;21:14:00;Austin Howard;dairy
924;21:14:00;Anna Elliott;dairy
925;21:14:00;Daniel Hernandez;fruit
926;21:14:00;David English;dairy
927;21:14:00;Douglas Jensen;dairy
928;21:14:00;Elizabeth Landry;dairy
929;21:14:00;Brian Dominguez;spices
930;21:14:00;Elizabeth Watkins;dairy
931;21:14:00;Shawn Carrillo;dairy
932;21:14:00;Eric Holloway;fruit
933;21:14:00;Nancy Cardenas;dairy
934;21:14:00;Matthew Smith;drinks
935;21:14:00;Richard Roberts;fruit
936;21:14:00;Valerie Kelly;fruit
937;21:14:00;Tiffany Castillo;fruit
938;21:14:00;Melissa Schmidt;checkout and leave
939;21:14:00;Gerald Smith;checkout and leave
940;21:14:00;James Ward;fruit
941;21:14:00;Jesus Crawford;fruit
942;21:14:00;Michael Horn;dairy
943;21:14:00;Jerry Watkins;fruit
944;21:14:00;Lisa Robinson;drinks
945;21:14:00;Mariah Sharp;dairy
946;21:14:00;Crystal Davis;fruit
947;21:14:00;Jared Taylor;drinks
948;21:14:00;Erica Spencer;entrance
949;21:15:00;David Cook;fruit
950;21:15:00;Stephanie Williams;spices
951;21:15:00;Michael Holmes;dairy
952;21:15:00;Rebecca Richards;checkout and leave
953;21:15:00;Kimberly Gomez;drinks
954;21:15:00;Austin Howard;drinks
955;21:15:00;Anna Elliott;checkout and leave
956;21:15:00;Daniel Hernandez;dairy
957;21:15:00;David English;fruit
958;21:15:00;Douglas Jensen;checkout and leave
959;21:15:00;Elizabeth Landry;fruit
960;21:15:00;Brian Dominguez;drinks
961;21:15:00;Elizabeth Watkins;spices
962;21:15:00;Shawn Carrillo;dairy
963;21:15:00;Eric Holloway;drinks
964;21:15:00;Nancy Cardenas;dairy
965;21:15:00;Matthew Smith;spices
966;21:15:00;Richard Roberts;fruit
967;21:15:00;Valerie Kelly;dairy
968;21:15:00;Tiffany Castillo;checkout and leave
969;21:15:00;Gerald Smith;checkout and leave
970;21:15:00;James Ward;fruit
971;21:15:00;Jesus Crawford;fruit
972;21:15:00;Michael Horn;dairy
973;21:15:00;Jerry Watkins;fruit
974;21:15:00;Lisa Robinson;dairy
975;21:15:00;Mariah Sharp;dairy
976;21:15:00;Crystal Davis;dairy
977;21:15:00;Jared Taylor;dairy
978;21:15:00;Erica Spencer;fruit
979;21:15:00;Michael Stewart;entrance
980;21:15:00;Lindsay Oconnell;entrance
981;21:15:00;Sheri David;entrance
982;21:16:00;David Cook;dairy
983;21:16:00;Stephanie Williams;fruit
984;21:16:00;Michael Holmes;dairy
985;21:16:00;Kimberly Gomez;drinks
986;21:16:00;Austin Howard;fruit
987;21:16:00;Daniel Hernandez;drinks
988;21:16:00;David English;dairy
989;21:16:00;Elizabeth Landry;dairy
990;21:16:00;Brian Dominguez;drinks
991;21:16:00;Elizabeth Watkins;fruit
992;21:16:00;Shawn Carrillo;drinks
993;21:16:00;Eric Holloway;dairy
994;21:16:00;Nancy Cardenas;checkout and leave
995;21:16:00;Matthew Smith;drinks
996;21:16:00;Richard Roberts;dairy
997;21:16:00;Valerie Kelly;fruit
998;21:16:00;Gerald Smith;checkout and leave
999;21:16:00;James Ward;checkout and leave
1000;21:16:00;Jesus Crawford;checkout and leave
1001;21:16:00;Michael Horn;fruit
1002;21:16:00;Jerry Watkins;fruit
1003;21:16:00;Lisa Robinson;dairy
1004;21:16:00;Mariah Sharp;dairy
1005;21:16:00;Crystal Davis;checkout and leave
1006;21:16:00;Jared Taylor;spices
1007;21:16:00;Erica Spencer;fruit
1008;21:16:00;Michael Stewart;drinks
1009;21:16:00;Lindsay Oconnell;drinks
1010;21:16:00;Sheri David;dairy
1011;21:16:00;Matthew Carter;entrance
1012;21:16:00;Laura Nguyen;entrance
1013;21:16:00;Teresa Sanchez MD;entrance
1014;21:16:00;Sharon Buck;entrance
1015;21:16:00;Eric Mitchell;entrance
1016;21:16:00;Juan Fields;entrance
1017;21:17:00;David Cook;drinks
1018;21:17:00;Stephanie Williams;fruit
1019;21:17:00;Michael Holmes;fruit
1020;21:17:00;Kimberly Gomez;fruit
1021;21:17:00;Austin Howard;dairy
1022;21:17:00;Daniel Hernandez;drinks
1023;21:17:00;David English;fruit
1024;21:17:00;Elizabeth Landry;spices
1025;21:17:00;Brian Dominguez;fruit
1026;21:17:00;Elizabeth Watkins;dairy
1027;21:17:00;Shawn Carrillo;drinks
1028;21:17:00;Eric Holloway;checkout and leave
1029;21:17:00;Matthew Smith;dairy
1030;21:17:00;Richard Roberts;dairy
1031;21:17:00;Valerie Kelly;dairy
1032;21:17:00;James Ward;checkout and leave
1033;21:17:00;Michael Horn;dairy
1034;21:17:00;Jerry Watkins;spices
1035;21:17:00;Lisa Robinson;fruit
1036;21:17:00;Mariah Sharp;dairy
1037;21:17:00;Jared Taylor;checkout and leave
1038;21:17:00;Erica Spencer;fruit
1039;21:17:00;Michael Stewart;dairy
1040;21:17:00;Lindsay Oconnell;spices
1041;21:17:00;Sheri David;fruit
1042;21:17:00;Matthew Carter;spices
1043;21:17:00;Laura Nguyen;drinks
1044;21:17:00;Teresa Sanchez MD;dairy
1045;21:17:00;Sharon Buck;spices
1046;21:17:00;Eric Mitchell;fruit
1047;21:17:00;Juan Fields;fruit
1048;21:17:00;Heather Barber;entrance
1049;21:17:00;Lisa Williams;entrance
1050;21:17:00;Courtney Lane;entrance
1051;21:17:00;Thomas Ray;entrance
1052;21:17:00;John Smith;entrance
1053;21:18:00;David Cook;checkout and leave
1054;21:18:00;Stephanie Williams;dairy
1055;21:18:00;Michael Holmes;dairy
1056;21:18:00;Kimberly Gomez;dairy
1057;21:18:00;Austin Howard;spices
1058;21:18:00;Daniel Hernandez;drinks
1059;21:18:00;David English;fruit
1060;21:18:00;Elizabeth Landry;fruit
1061;21:18:00;Brian Dominguez;drinks
1062;21:18:00;Elizabeth Watkins;fruit
1063;21:18:00;Shawn Carrillo;dairy
1064;21:18:00;Matthew Smith;fruit
1065;21:18:00;Richard Roberts;drinks
1066;21:18:00;Valerie Kelly;drinks
1067;21:18:00;Michael Horn;dairy
1068;21:18:00;Jerry Watkins;drinks
1069;21:18:00;Lisa Robinson;fruit
1070;21:18:00;Mariah Sharp;checkout and leave
1071;21:18:00;Erica Spencer;dairy
1072;21:18:00;Michael Stewart;checkout and leave
1073;21:18:00;Lindsay Oconnell;drinks
1074;21:18:00;Sheri David;fruit
1075;21:18:00;Matthew Carter;fruit
1076;21:18:00;Laura Nguyen;checkout and leave
1077;21:18:00;Teresa Sanchez MD;checkout and leave
1078;21:18:00;Sharon Buck;dairy
1079;21:18:00;Eric Mitchell;dairy
1080;21:18:00;Juan Fields;dairy
1081;21:18:00;Heather Barber;drinks
1082;21:18:00;Lisa Williams;spices
1083;21:18:00;Courtney Lane;spices
1084;21:18:00;Thomas Ray;fruit
1085;21:18:00;John Smith;dairy
1086;21:18:00;Sean Garrett;entrance
1087;21:18:00;Cody Lewis;entrance
1088;21:19:00;Stephanie Williams;checkout and leave
1089;21:19:00;Michael Holmes;fruit
1090;21:19:00;Kimberly Gomez;fruit
1091;21:19:00;Austin Howard;dairy
1092;21:19:00;Daniel Hernandez;drinks
1093;21:19:00;David English;spices
1094;21:19:00;Elizabeth Landry;drinks
1095;21:19:00;Brian Dominguez;drinks
1096;21:19:00;Elizabeth Watkins;spices
1097;21:19:00;Shawn Carrillo;checkout and leave
1098;21:19:00;Matthew Smith;spices
1099;21:19:00;Richard Roberts;drinks
1100;21:19:00;Valerie Kelly;checkout and leave
1101;21:19:00;Michael Horn;fruit
1102;21:19:00;Jerry Watkins;dairy
1103;21:19:00;Lisa Robinson;fruit
1104;21:19:00;Erica Spencer;fruit
1105;21:19:00;Lindsay Oconnell;dairy
1106;21:19:00;Sheri David;drinks
1107;21:19:00;Matthew Carter;fruit
1108;21:19:00;Teresa Sanchez MD;checkout and leave
1109;21:19:00;Sharon Buck;dairy
1110;21:19:00;Eric Mitchell;dairy
1111;21:19:00;Juan Fields;dairy
1112;21:19:00;Heather Barber;spices
1113;21:19:00;Lisa Williams;fruit
1114;21:19:00;Courtney Lane;dairy
1115;21:19:00;Thomas Ray;checkout and leave
1116;21:19:00;John Smith;dairy
1117;21:19:00;Sean Garrett;spices
1118;21:19:00;Cody Lewis;spices
1119;21:19:00;Carlos Wang;entrance
1120;21:19:00;Vanessa Rowe;entrance
1121;21:19:00;Lisa Jackson;entrance
1122;21:19:00;Michael Hunt;entrance
1123;21:20:00;Michael Holmes;dairy
1124;21:20:00;Kimberly Gomez;dairy
1125;21:20:00;Austin Howard;fruit
1126;21:20:00;Daniel Hernandez;drinks
1127;21:20:00;David English;checkout and leave
1128;21:20:00;Elizabeth Landry;dairy
1129;21:20:00;Brian Dominguez;fruit
1130;21:20:00;Elizabeth Watkins;dairy
1131;21:20:00;Matthew Smith;dairy
1132;21:20:00;Richard Roberts;fruit
1133;21:20:00;Michael Horn;dairy
1134;21:20:00;Jerry Watkins;fruit
1135;21:20:00;Lisa Robinson;dairy
1136;21:20:00;Erica Spencer;checkout and leave
1137;21:20:00;Lindsay Oconnell;dairy
1138;21:20:00;Sheri David;drinks
1139;21:20:00;Matthew Carter;fruit
1140;21:20:00;Sharon Buck;dairy
1141;21:20:00;Eric Mitchell;drinks
1142;21:20:00;Juan Fields;drinks
1143;21:20:00;Heather Barber;dairy
1144;21:20:00;Lisa Williams;dairy
1145;21:20:00;Courtney Lane;checkout and leave
1146;21:20:00;John Smith;fruit
1147;21:20:00;Sean Garrett;dairy
1148;21:20:00;Cody Lewis;dairy
1149;21:20:00;Carlos Wang;drinks
1150;21:20:00;Vanessa Rowe;spices
1151;21:20:00;Lisa Jackson;dairy
1152;21:20:00;Michael Hunt;drinks
1153;21:20:00;John Reynolds;entrance
1154;21:20:00;Sherri Schwartz;entrance
1155;21:20:00;Joshua Lang;entrance
1156;21:20:00;Lauren Gallagher;entrance
1157;21:20:00;Tina Hernandez;entrance
1158;21:21:00;Michael Holmes;dairy
1159;21:21:00;Kimberly Gomez;dairy
1160;21:21:00;Austin Howard;dairy
1161;21:21:00;Daniel Hernandez;spices
1162;21:21:00;Elizabeth Landry;spices
1163;21:21:00;Brian Dominguez;dairy
1164;21:21:00;Elizabeth Watkins;fruit
1165;21:21:00;Matthew Smith;dairy
1166;21:21:00;Richard Roberts;dairy
1167;21:21:00;Michael Horn;spices
1168;21:21:00;Jerry Watkins;fruit
1169;21:21:00;Lisa Robinson;fruit
1170;21:21:00;Lindsay Oconnell;checkout and leave
1171;21:21:00;Sheri David;drinks
1172;21:21:00;Matthew Carter;fruit
1173;21:21:00;Sharon Buck;fruit
1174;21:21:00;Eric Mitchell;checkout and leave
1175;21:21:00;Juan Fields;spices
1176;21:21:00;Heather Barber;checkout and leave
1177;21:21:00;Lisa Williams;spices
1178;21:21:00;John Smith;fruit
1179;21:21:00;Sean Garrett;checkout and leave
1180;21:21:00;Cody Lewis;dairy
1181;21:21:00;Carlos Wang;fruit
1182;21:21:00;Vanessa Rowe;spices
1183;21:21:00;Lisa Jackson;drinks
1184;21:21:00;Michael Hunt;fruit
1185;21:21:00;John Reynolds;fruit
1186;21:21:00;Sherri Schwartz;spices
1187;21:21:00;Joshua Lang;fruit
1188;21:21:00;Lauren Gallagher;dairy
1189;21:21:00;Tina Hernandez;drinks
1190;21:21:00;Michelle Woodward;entrance
1191;21:21:00;Paul Bass;entrance
1192;21:22:00;Michael Holmes;dairy
1193;21:22:00;Kimberly Gomez;drinks
1194;21:22:00;Austin Howard;dairy
1195;21:22:00;Daniel Hernandez;checkout and leave
1196;21:22:00;Elizabeth Landry;dairy
1197;21:22:00;Brian Dominguez;spices
1198;21:22:00;Elizabeth Watkins;checkout and leave
1199;21:22:00;Matthew Smith;fruit
1200;21:22:00;Richard Roberts;drinks
1201;21:22:00;Michael Horn;fruit
1202;21:22:00;Jerry Watkins;dairy
1203;21:22:00;Lisa Robinson;dairy
1204;21:22:00;Sheri David;fruit
1205;21:22:00;Matthew Carter;spices
1206;21:22:00;Sharon Buck;spices
1207;21:22:00;Juan Fields;spices
1208;21:22:00;Lisa Williams;drinks
1209;21:22:00;John Smith;spices
1210;21:22:00;Cody Lewis;fruit
1211;21:22:00;Carlos Wang;fruit
1212;21:22:00;Vanessa Rowe;spices
1213;21:22:00;Lisa Jackson;dairy
1214;21:22:00;Michael Hunt;dairy
1215;21:22:00;John Reynolds;spices
1216;21:22:00;Sherri Schwartz;spices
1217;21:22:00;Joshua Lang;fruit
1218;21:22:00;Lauren Gallagher;fruit
1219;21:22:00;Tina Hernandez;checkout and leave
1220;21:22:00;Michelle Woodward;spices
1221;21:22:00;Paul Bass;spices
1222;21:22:00;Daniel Baird;entrance
1223;21:22:00;Raymond Riggs;entrance
1224;21:22:00;Robert Phillips;entrance
1225;21:23:00;Michael Holmes;dairy
1226;21:23:00;Kimberly Gomez;dairy
1227;21:23:00;Austin Howard;fruit
1228;21:23:00;Elizabeth Landry;fruit
1229;21:23:00;Brian Dominguez;dairy
1230;21:23:00;Matthew Smith;spices
1231;21:23:00;Richard Roberts;fruit
1232;21:23:00;Michael Horn;dairy
1233;21:23:00;Jerry Watkins;spices
1234;21:23:00;Lisa Robinson;drinks
1235;21:23:00;Sheri David;spices
1236;21:23:00;Matthew Carter;dairy
1237;21:23:00;Sharon Buck;spices
1238;21:23:00;Juan Fields;spices
1239;21:23:00;Lisa Williams;dairy
1240;21:23:00;John Smith;dairy
1241;21:23:00;Cody Lewis;drinks
1242;21:23:00;Carlos Wang;fruit
1243;21:23:00;Vanessa Rowe;fruit
1244;21:23:00;Lisa Jackson;drinks
1245;21:23:00;Michael Hunt;fruit
1246;21:23:00;John Reynolds;drinks
1247;21:23:00;Sherri Schwartz;spices
1248;21:23:00;Joshua Lang;fruit
1249;21:23:00;Lauren Gallagher;dairy
1250;21:23:00;Michelle Woodward;fruit
1251;21:23:00;Paul Bass;checkout and leave
1252;21:23:00;Daniel Baird;spices
1253;21:23:00;Raymond Riggs;dairy
1254;21:23:00;Robert Phillips;fruit
1255;21:24:00;Michael Holmes;spices
1256;21:24:00;Kimberly Gomez;dairy
1257;21:24:00;Austin Howard;spices
1258;21:24:00;Elizabeth Landry;drinks
1259;21:24:00;Brian Dominguez;drinks
1260;21:24:00;Matthew Smith;dairy
1261;21:24:00;Richard Roberts;spices
1262;21:24:00;Michael Horn;drinks
1263;21:24:00;Jerry Watkins;fruit
1264;21:24:00;Lisa Robinson;fruit
1265;21:24:00;Sheri David;fruit
1266;21:24:00;Matthew Carter;dairy
1267;21:24:00;Sharon Buck;dairy
1268;21:24:00;Juan Fields;spices
1269;21:24:00;Lisa Williams;fruit
1270;21:24:00;John Smith;drinks
1271;21:24:00;Cody Lewis;fruit
1272;21:24:00;Carlos Wang;dairy
1273;21:24:00;Vanessa Rowe;dairy
1274;21:24:00;Lisa Jackson;spices
1275;21:24:00;Michael Hunt;checkout and leave
1276;21:24:00;John Reynolds;drinks
1277;21:24:00;Sherri Schwartz;fruit
1278;21:24:00;Joshua Lang;drinks
1279;21:24:00;Lauren Gallagher;dairy
1280;21:24:00;Michelle Woodward;drinks
1281;21:24:00;Daniel Baird;drinks
1282;21:24:00;Raymond Riggs;dairy
1283;21:24:00;Robert Phillips;dairy
1284;21:24:00;Dawn Miller;entrance
1285;21:24:00;Melissa Whitaker;entrance
1286;21:24:00;Kristin Mcdaniel;entrance
1287;21:24:00;Amanda Daniels;entrance
1288;21:25:00;Michael Holmes;drinks
1289;21:25:00;Kimberly Gomez;dairy
1290;21:25:00;Austin Howard;drinks
1291;21:25:00;Elizabeth Landry;dairy
1292;21:25:00;Brian Dominguez;checkout and leave
1293;21:25:00;Matthew Smith;drinks
1294;21:25:00;Richard Roberts;checkout and leave
1295;21:25:00;Michael Horn;dairy
1296;21:25:00;Jerry Watkins;checkout and leave
1297;21:25:00;Lisa Robinson;checkout and leave
1298;21:25:00;Sheri David;drinks
1299;21:25:00;Matthew Carter;spices
1300;21:25:00;Sharon Buck;dairy
1301;21:25:00;Juan Fields;spices
1302;21:25:00;Lisa Williams;dairy
1303;21:25:00;John Smith;fruit
1304;21:25:00;Cody Lewis;drinks
1305;21:25:00;Carlos Wang;checkout and leave
1306;21:25:00;Vanessa Rowe;drinks
1307;21:25:00;Lisa Jackson;dairy
1308;21:25:00;John Reynolds;dairy
1309;21:25:00;Sherri Schwartz;fruit
1310;21:25:00;Joshua Lang;dairy
1311;21:25:00;Lauren Gallagher;drinks
1312;21:25:00;Michelle Woodward;dairy
1313;21:25:00;Daniel Baird;dairy
1314;21:25:00;Raymond Riggs;dairy
1315;21:25:00;Robert Phillips;drinks
1316;21:25:00;Dawn Miller;fruit
1317;21:25:00;Melissa Whitaker;spices
1318;21:25:00;Kristin Mcdaniel;fruit
1319;21:25:00;Amanda Daniels;fruit
1320;21:25:00;Samantha Trujillo;entrance
1321;21:25:00;Cody Colon;entrance
1322;21:25:00;Maria Nunez;entrance
1323;21:25:00;Joseph Davis;entrance
1324;21:26:00;Michael Holmes;dairy
1325;21:26:00;Kimberly Gomez;fruit
1326;21:26:00;Austin Howard;dairy
1327;21:26:00;Elizabeth Landry;fruit
1328;21:26:00;Matthew Smith;drinks
1329;21:26:00;Michael Horn;fruit
1330;21:26:00;Lisa Robinson;checkout and leave
1331;21:26:00;Sheri David;dairy
1332;21:26:00;Matthew Carter;spices
1333;21:26:00;Sharon Buck;dairy
1334;21:26:00;Juan Fields;spices
1335;21:26:00;Lisa Williams;fruit
1336;21:26:00;John Smith;checkout and leave
1337;21:26:00;Cody Lewis;checkout and leave
1338;21:26:00;Vanessa Rowe;dairy
1339;21:26:00;Lisa Jackson;dairy
1340;21:26:00;John Reynolds;spices
1341;21:26:00;Sherri Schwartz;dairy
1342;21:26:00;Joshua Lang;spices
1343;21:26:00;Lauren Gallagher;dairy
1344;21:26:00;Michelle Woodward;spices
1345;21:26:00;Daniel Baird;fruit
1346;21:26:00;Raymond Riggs;checkout and leave
1347;21:26:00;Robert Phillips;dairy
1348;21:26:00;Dawn Miller;drinks
1349;21:26:00;Melissa Whitaker;spices
1350;21:26:00;Kristin Mcdaniel;spices
1351;21:26:00;Amanda Daniels;dairy
1352;21:26:00;Samantha Trujillo;fruit
1353;21:26:00;Cody Colon;fruit
1354;21:26:00;Maria Nunez;spices
1355;21:26:00;Joseph Davis;fruit
1356;21:26:00;Sheila Cook;entrance
1357;21:26:00;Kelly Shepherd;entrance
1358;21:26:00;Chelsey Webb;entrance
1359;21:26:00;Richard Freeman;entrance
1360;21:27:00;Michael Holmes;dairy
1361;21:27:00;Kimberly Gomez;dairy
1362;21:27:00;Austin Howard;spices
1363;21:27:00;Elizabeth Landry;dairy
1364;21:27:00;Matthew Smith;drinks
1365;21:27:00;Michael Horn;dairy
1366;21:27:00;Sheri David;spices
1367;21:27:00;Matthew Carter;dairy
1368;21:27:00;Sharon Buck;fruit
1369;21:27:00;Juan Fields;fruit
1370;21:27:00;Lisa Williams;checkout and leave
1371;21:27:00;Cody Lewis;checkout and leave
1372;21:27:00;Vanessa Rowe;checkout and leave
1373;21:27:00;Lisa Jackson;checkout and leave
1374;21:27:00;John Reynolds;dairy
1375;21:27:00;Sherri Schwartz;checkout and leave
1376;21:27:00;Joshua Lang;drinks
1377;21:27:00;Lauren Gallagher;fruit
1378;21:27:00;Michelle Woodward;dairy
1379;21:27:00;Daniel Baird;dairy
1380;21:27:00;Robert Phillips;dairy
1381;21:27:00;Dawn Miller;fruit
1382;21:27:00;Melissa Whitaker;checkout and leave
1383;21:27:00;Kristin Mcdaniel;fruit
1384;21:27:00;Amanda Daniels;drinks
1385;21:27:00;Samantha Trujillo;fruit
1386;21:27:00;Cody Colon;checkout and leave
1387;21:27:00;Maria Nunez;dairy
1388;21:27:00;Joseph Davis;dairy
1389;21:27:00;Sheila Cook;drinks
1390;21:27:00;Kelly Shepherd;dairy
1391;21:27:00;Chelsey Webb;dairy
1392;21:27:00;Richard Freeman;spices
1393;21:27:00;Craig Burton;entrance
1394;21:27:00;Ann Wong;entrance
1395;21:28:00;Michael Holmes;dairy
1396;21:28:00;Kimberly Gomez;dairy
1397;21:28:00;Austin Howard;checkout and leave
1398;21:28:00;Elizabeth Landry;fruit
1399;21:28:00;Matthew Smith;dairy
1400;21:28:00;Michael Horn;dairy
1401;21:28:00;Sheri David;drinks
1402;21:28:00;Matthew Carter;dairy
1403;21:28:00;Sharon Buck;drinks
1404;21:28:00;Juan Fields;spices
1405;21:28:00;Cody Lewis;checkout and leave
1406;21:28:00;Lisa Jackson;checkout and leave
1407;21:28:00;John Reynolds;drinks
1408;21:28:00;Joshua Lang;fruit
1409;21:28:00;Lauren Gallagher;checkout and leave
1410;21:28:00;Michelle Woodward;fruit
1411;21:28:00;Daniel Baird;dairy
1412;21:28:00;Robert Phillips;fruit
1413;21:28:00;Dawn Miller;spices
1414;21:28:00;Kristin Mcdaniel;drinks
1415;21:28:00;Amanda Daniels;spices
1416;21:28:00;Samantha Trujillo;dairy
1417;21:28:00;Maria Nunez;drinks
1418;21:28:00;Joseph Davis;fruit
1419;21:28:00;Sheila Cook;fruit
1420;21:28:00;Kelly Shepherd;dairy
1421;21:28:00;Chelsey Webb;fruit
1422;21:28:00;Richard Freeman;fruit
1423;21:28:00;Craig Burton;fruit
1424;21:28:00;Ann Wong;drinks
1425;21:28:00;John Townsend;entrance
1426;21:28:00;Willie Simmons;entrance
1427;21:28:00;Randy Harrington;entrance
1428;21:29:00;Michael Holmes;spices
1429;21:29:00;Kimberly Gomez;spices
1430;21:29:00;Elizabeth Landry;dairy
1431;21:29:00;Matthew Smith;fruit
1432;21:29:00;Michael Horn;drinks
1433;21:29:00;Sheri David;checkout and leave
1434;21:29:00;Matthew Carter;drinks
1435;21:29:00;Sharon Buck;fruit
1436;21:29:00;Juan Fields;fruit
1437;21:29:00;Lisa Jackson;checkout and leave
1438;21:29:00;John Reynolds;dairy
1439;21:29:00;Joshua Lang;dairy
1440;21:29:00;Michelle Woodward;dairy
1441;21:29:00;Daniel Baird;checkout and leave
1442;21:29:00;Robert Phillips;fruit
1443;21:29:00;Dawn Miller;fruit
1444;21:29:00;Kristin Mcdaniel;dairy
1445;21:29:00;Amanda Daniels;dairy
1446;21:29:00;Samantha Trujillo;drinks
1447;21:29:00;Maria Nunez;drinks
1448;21:29:00;Joseph Davis;drinks
1449;21:29:00;Sheila Cook;dairy
1450;21:29:00;Kelly Shepherd;fruit
1451;21:29:00;Chelsey Webb;drinks
1452;21:29:00;Richard Freeman;fruit
1453;21:29:00;Craig Burton;fruit
1454;21:29:00;Ann Wong;dairy
1455;21:29:00;John Townsend;dairy
1456;21:29:00;Willie Simmons;drinks
1457;21:29:00;Randy Harrington;drinks
1458;21:29:00;Lindsay Foley DDS;entrance
1459;21:29:00;Kyle Kane;entrance
1460;21:29:00;Brittney English;entrance
1461;21:29:00;Barbara Johnston;entrance
1462;21:29:00;Gabriel Robertson;entrance
1463;21:29:00;Tamara Peters;entrance
1464;21:29:00;Karen Ramirez;entrance
1465;21:30:00;Michael Holmes;checkout and leave
1466;21:30:00;Kimberly Gomez;checkout and leave
1467;21:30:00;Elizabeth Landry;checkout and leave
1468;21:30:00;Matthew Smith;dairy
1469;21:30:00;Michael Horn;dairy
1470;21:30:00;Matthew Carter;dairy
1471;21:30:00;Sharon Buck;dairy
1472;21:30:00;Juan Fields;fruit
1473;21:30:00;John Reynolds;fruit
1474;21:30:00;Joshua Lang;fruit
1475;21:30:00;Michelle Woodward;drinks
1476;21:30:00;Robert Phillips;fruit
1477;21:30:00;Dawn Miller;dairy
1478;21:30:00;Kristin Mcdaniel;dairy
1479;21:30:00;Amanda Daniels;spices
1480;21:30:00;Samantha Trujillo;spices
1481;21:30:00;Maria Nunez;dairy
1482;21:30:00;Joseph Davis;dairy
1483;21:30:00;Sheila Cook;drinks
1484;21:30:00;Kelly Shepherd;fruit
1485;21:30:00;Chelsey Webb;dairy
1486;21:30:00;Richard Freeman;drinks
1487;21:30:00;Craig Burton;checkout and leave
1488;21:30:00;Ann Wong;checkout and leave
1489;21:30:00;John Townsend;drinks
1490;21:30:00;Willie Simmons;dairy
1491;21:30:00;Randy Harrington;dairy
1492;21:30:00;Lindsay Foley DDS;drinks
1493;21:30:00;Kyle Kane;spices
1494;21:30:00;Brittney English;dairy
1495;21:30:00;Barbara Johnston;dairy
1496;21:30:00;Gabriel Robertson;spices
1497;21:30:00;Tamara Peters;dairy
1498;21:30:00;Karen Ramirez;spices
1499;21:30:00;Kevin Lyons;entrance
1500;21:30:00;Justin Stokes;entrance
1501;21:31:00;Kimberly Gomez;checkout and leave
1502;21:31:00;Matthew Smith;dairy
1503;21:31:00;Michael Horn;dairy
1504;21:31:00;Matthew Carter;dairy
1505;21:31:00;Sharon Buck;dairy
1506;21:31:00;Juan Fields;spices
1507;21:31:00;John Reynolds;checkout and leave
1508;21:31:00;Joshua Lang;dairy
1509;21:31:00;Michelle Woodward;fruit
1510;21:31:00;Robert Phillips;drinks
1511;21:31:00;Dawn Miller;fruit
1512;21:31:00;Kristin Mcdaniel;drinks
1513;21:31:00;Amanda Daniels;drinks
1514;21:31:00;Samantha Trujillo;checkout and leave
1515;21:31:00;Maria Nunez;fruit
1516;21:31:00;Joseph Davis;fruit
1517;21:31:00;Sheila Cook;dairy
1518;21:31:00;Kelly Shepherd;spices
1519;21:31:00;Chelsey Webb;fruit
1520;21:31:00;Richard Freeman;fruit
1521;21:31:00;Ann Wong;checkout and leave
1522;21:31:00;John Townsend;drinks
1523;21:31:00;Willie Simmons;drinks
1524;21:31:00;Randy Harrington;spices
1525;21:31:00;Lindsay Foley DDS;drinks
1526;21:31:00;Kyle Kane;spices
1527;21:31:00;Brittney English;spices
1528;21:31:00;Barbara Johnston;drinks
1529;21:31:00;Gabriel Robertson;spices
1530;21:31:00;Tamara Peters;dairy
1531;21:31:00;Karen Ramirez;dairy
1532;21:31:00;Kevin Lyons;fruit
1533;21:31:00;Justin Stokes;dairy
1534;21:31:00;Erika Lopez;entrance
1535;21:31:00;Patricia Snow;entrance
1536;21:31:00;Robert Greene DDS;entrance
1537;21:31:00;Jennifer Phillips;entrance
1538;21:31:00;Danielle Long;entrance
1539;21:32:00;Matthew Smith;drinks
1540;21:32:00;Michael Horn;dairy
1541;21:32:00;Matthew Carter;fruit
1542;21:32:00;Sharon Buck;dairy
1543;21:32:00;Juan Fields;checkout and leave
1544;21:32:00;Joshua Lang;fruit
1545;21:32:00;Michelle Woodward;dairy
1546;21:32:00;Robert Phillips;drinks
1547;21:32:00;Dawn Miller;spices
1548;21:32:00;Kristin Mcdaniel;fruit
1549;21:32:00;Amanda Daniels;drinks
1550;21:32:00;Maria Nunez;drinks
1551;21:32:00;Joseph Davis;dairy
1552;21:32:00;Sheila Cook;spices
1553;21:32:00;Kelly Shepherd;spices
1554;21:32:00;Chelsey Webb;dairy
1555;21:32:00;Richard Freeman;spices
1556;21:32:00;John Townsend;spices
1557;21:32:00;Willie Simmons;fruit
1558;21:32:00;Randy Harrington;spices
1559;21:32:00;Lindsay Foley DDS;checkout and leave
1560;21:32:00;Kyle Kane;dairy
1561;21:32:00;Brittney English;dairy
1562;21:32:00;Barbara Johnston;spices
1563;21:32:00;Gabriel Robertson;checkout and leave
1564;21:32:00;Tamara Peters;drinks
1565;21:32:00;Karen Ramirez;drinks
1566;21:32:00;Kevin Lyons;drinks
1567;21:32:00;Justin Stokes;fruit
1568;21:32:00;Erika Lopez;dairy
1569;21:32:00;Patricia Snow;spices
1570;21:32:00;Robert Greene DDS;spices
1571;21:32:00;Jennifer Phillips;dairy
1572;21:32:00;Danielle Long;dairy
1573;21:32:00;Joseph Morrow;entrance
1574;21:32:00;Kenneth Anderson;entrance
1575;21:32:00;Kyle Phillips;entrance
1576;21:33:00;Matthew Smith;dairy
1577;21:33:00;Michael Horn;dairy
1578;21:33:00;Matthew Carter;fruit
1579;21:33:00;Sharon Buck;fruit
1580;21:33:00;Joshua Lang;dairy
1581;21:33:00;Michelle Woodward;checkout and leave
1582;21:33:00;Robert Phillips;checkout and leave
1583;21:33:00;Dawn Miller;checkout and leave
1584;21:33:00;Kristin Mcdaniel;spices
1585;21:33:00;Amanda Daniels;fruit
1586;21:33:00;Maria Nunez;dairy
1587;21:33:00;Joseph Davis;spices
1588;21:33:00;Sheila Cook;dairy
1589;21:33:00;Kelly Shepherd;dairy
1590;21:33:00;Chelsey Webb;dairy
1591;21:33:00;Richard Freeman;spices
1592;21:33:00;John Townsend;drinks
1593;21:33:00;Willie Simmons;drinks
1594;21:33:00;Randy Harrington;dairy
1595;21:33:00;Kyle Kane;dairy
1596;21:33:00;Brittney English;drinks
1597;21:33:00;Barbara Johnston;drinks
1598;21:33:00;Tamara Peters;spices
1599;21:33:00;Karen Ramirez;checkout and leave
1600;21:33:00;Kevin Lyons;dairy
1601;21:33:00;Justin Stokes;dairy
1602;21:33:00;Erika Lopez;spices
1603;21:33:00;Patricia Snow;drinks
1604;21:33:00;Robert Greene DDS;drinks
1605;21:33:00;Jennifer Phillips;drinks
1606;21:33:00;Danielle Long;fruit
1607;21:33:00;Joseph Morrow;dairy
1608;21:33:00;Kenneth Anderson;dairy
1609;21:33:00;Kyle Phillips;drinks
1610;21:33:00;Steven Price;entrance
1611;21:33:00;Glen Sullivan;entrance
1612;21:34:00;Matthew Smith;fruit
1613;21:34:00;Michael Horn;drinks
1614;21:34:00;Matthew Carter;checkout and leave
1615;21:34:00;Sharon Buck;spices
1616;21:34:00;Joshua Lang;spices
1617;21:34:00;Robert Phillips;checkout and leave
1618;21:34:00;Kristin Mcdaniel;fruit
1619;21:34:00;Amanda Daniels;checkout and leave
1620;21:34:00;Maria Nunez;fruit
1621;21:34:00;Joseph Davis;spices
1622;21:34:00;Sheila Cook;fruit
1623;21:34:00;Kelly Shepherd;drinks
1624;21:34:00;Chelsey Webb;checkout and leave
1625;21:34:00;Richard Freeman;dairy
1626;21:34:00;John Townsend;dairy
1627;21:34:00;Willie Simmons;spices
1628;21:34:00;Randy Harrington;fruit
1629;21:34:00;Kyle Kane;fruit
1630;21:34:00;Brittney English;dairy
1631;21:34:00;Barbara Johnston;drinks
1632;21:34:00;Tamara Peters;checkout and leave
1633;21:34:00;Kevin Lyons;spices
1634;21:34:00;Justin Stokes;drinks
1635;21:34:00;Erika Lopez;drinks
1636;21:34:00;Patricia Snow;fruit
1637;21:34:00;Robert Greene DDS;checkout and leave
1638;21:34:00;Jennifer Phillips;checkout and leave
1639;21:34:00;Danielle Long;drinks
1640;21:34:00;Joseph Morrow;drinks
1641;21:34:00;Kenneth Anderson;spices
1642;21:34:00;Kyle Phillips;drinks
1643;21:34:00;Steven Price;spices
1644;21:34:00;Glen Sullivan;fruit
1645;21:34:00;Kimberly Ellis;entrance
1646;21:34:00;Wendy Crane;entrance
1647;21:35:00;Matthew Smith;dairy
1648;21:35:00;Michael Horn;dairy
1649;21:35:00;Sharon Buck;spices
1650;21:35:00;Joshua Lang;checkout and leave
1651;21:35:00;Kristin Mcdaniel;fruit
1652;21:35:00;Maria Nunez;checkout and leave
1653;21:35:00;Joseph Davis;checkout and leave
1654;21:35:00;Sheila Cook;dairy
1655;21:35:00;Kelly Shepherd;checkout and leave
1656;21:35:00;Richard Freeman;dairy
1657;21:35:00;John Townsend;dairy
1658;21:35:00;Willie Simmons;dairy
1659;21:35:00;Randy Harrington;dairy
1660;21:35:00;Kyle Kane;drinks
1661;21:35:00;Brittney English;dairy
1662;21:35:00;Barbara Johnston;checkout and leave
1663;21:35:00;Kevin Lyons;checkout and leave
1664;21:35:00;Justin Stokes;fruit
1665;21:35:00;Erika Lopez;checkout and leave
1666;21:35:00;Patricia Snow;spices
1667;21:35:00;Jennifer Phillips;checkout and leave
1668;21:35:00;Danielle Long;fruit
1669;21:35:00;Joseph Morrow;drinks
1670;21:35:00;Kenneth Anderson;fruit
1671;21:35:00;Kyle Phillips;fruit
1672;21:35:00;Steven Price;spices
1673;21:35:00;Glen Sullivan;drinks
1674;21:35:00;Kimberly Ellis;dairy
1675;21:35:00;Wendy Crane;fruit
1676;21:35:00;Tiffany Knapp;entrance
1677;21:35:00;James Harris;entrance
1678;21:35:00;Peter Johnston;entrance
1679;21:36:00;Matthew Smith;fruit
1680;21:36:00;Michael Horn;dairy
1681;21:36:00;Sharon Buck;fruit
1682;21:36:00;Kristin Mcdaniel;checkout and leave
1683;21:36:00;Joseph Davis;checkout and leave
1684;21:36:00;Sheila Cook;spices
1685;21:36:00;Richard Freeman;drinks
1686;21:36:00;John Townsend;drinks
1687;21:36:00;Willie Simmons;spices
1688;21:36:00;Randy Harrington;fruit
1689;21:36:00;Kyle Kane;drinks
1690;21:36:00;Brittney English;dairy
1691;21:36:00;Kevin Lyons;checkout and leave
1692;21:36:00;Justin Stokes;drinks
1693;21:36:00;Patricia Snow;dairy
1694;21:36:00;Danielle Long;drinks
1695;21:36:00;Joseph Morrow;checkout and leave
1696;21:36:00;Kenneth Anderson;fruit
1697;21:36:00;Kyle Phillips;fruit
1698;21:36:00;Steven Price;fruit
1699;21:36:00;Glen Sullivan;checkout and leave
1700;21:36:00;Kimberly Ellis;checkout and leave
1701;21:36:00;Wendy Crane;checkout and leave
1702;21:36:00;Tiffany Knapp;drinks
1703;21:36:00;James Harris;drinks
1704;21:36:00;Peter Johnston;drinks
1705;21:36:00;William Ramirez;entrance
1706;21:37:00;Matthew Smith;checkout and leave
1707;21:37:00;Michael Horn;spices
1708;21:37:00;Sharon Buck;checkout and leave
1709;21:37:00;Joseph Davis;checkout and leave
1710;21:37:00;Sheila Cook;spices
1711;21:37:00;Richard Freeman;checkout and leave
1712;21:37:00;John Townsend;dairy
1713;21:37:00;Willie Simmons;fruit
1714;21:37:00;Randy Harrington;dairy
1715;21:37:00;Kyle Kane;spices
1716;21:37:00;Brittney English;checkout and leave
1717;21:37:00;Justin Stokes;checkout and leave
1718;21:37:00;Patricia Snow;dairy
1719;21:37:00;Danielle Long;checkout and leave
1720;21:37:00;Kenneth Anderson;dairy
1721;21:37:00;Kyle Phillips;spices
1722;21:37:00;Steven Price;fruit
1723;21:37:00;Kimberly Ellis;checkout and leave
1724;21:37:00;Tiffany Knapp;fruit
1725;21:37:00;James Harris;fruit
1726;21:37:00;Peter Johnston;dairy
1727;21:37:00;William Ramirez;dairy
1728;21:37:00;Sharon Reynolds;entrance
1729;21:37:00;Ryan Edwards;entrance
1730;21:37:00;Stacy Brown;entrance
1731;21:37:00;Melissa Ramirez;entrance
1732;21:38:00;Michael Horn;drinks
1733;21:38:00;Joseph Davis;checkout and leave
1734;21:38:00;Sheila Cook;fruit
1735;21:38:00;John Townsend;dairy
1736;21:38:00;Willie Simmons;dairy
1737;21:38:00;Randy Harrington;dairy
1738;21:38:00;Kyle Kane;fruit
1739;21:38:00;Justin Stokes;checkout and leave
1740;21:38:00;Patricia Snow;fruit
1741;21:38:00;Kenneth Anderson;dairy
1742;21:38:00;Kyle Phillips;drinks
1743;21:38:00;Steven Price;fruit
1744;21:38:00;Tiffany Knapp;dairy
1745;21:38:00;James Harris;fruit
1746;21:38:00;Peter Johnston;fruit
1747;21:38:00;William Ramirez;dairy
1748;21:38:00;Sharon Reynolds;spices
1749;21:38:00;Ryan Edwards;drinks
1750;21:38:00;Stacy Brown;spices
1751;21:38:00;Melissa Ramirez;dairy
1752;21:38:00;Faith Cantu;entrance
1753;21:39:00;Michael Horn;checkout and leave
1754;21:39:00;Sheila Cook;checkout and leave
1755;21:39:00;John Townsend;fruit
1756;21:39:00;Willie Simmons;drinks
1757;21:39:00;Randy Harrington;spices
1758;21:39:00;Kyle Kane;fruit
1759;21:39:00;Patricia Snow;dairy
1760;21:39:00;Kenneth Anderson;drinks
1761;21:39:00;Kyle Phillips;spices
1762;21:39:00;Steven Price;spices
1763;21:39:00;Tiffany Knapp;dairy
1764;21:39:00;James Harris;drinks
1765;21:39:00;Peter Johnston;dairy
1766;21:39:00;William Ramirez;dairy
1767;21:39:00;Sharon Reynolds;checkout and leave
1768;21:39:00;Ryan Edwards;dairy
1769;21:39:00;Stacy Brown;drinks
1770;21:39:00;Melissa Ramirez;dairy
1771;21:39:00;Faith Cantu;spices
1772;21:40:00;Sheila Cook;checkout and leave
1773;21:40:00;John Townsend;fruit
1774;21:40:00;Willie Simmons;fruit
1775;21:40:00;Randy Harrington;checkout and leave
1776;21:40:00;Kyle Kane;spices
1777;21:40:00;Patricia Snow;fruit
1778;21:40:00;Kenneth Anderson;spices
1779;21:40:00;Kyle Phillips;drinks
1780;21:40:00;Steven Price;spices
1781;21:40:00;Tiffany Knapp;dairy
1782;21:40:00;James Harris;dairy
1783;21:40:00;Peter Johnston;drinks
1784;21:40:00;William Ramirez;checkout and leave
1785;21:40:00;Ryan Edwards;dairy
1786;21:40:00;Stacy Brown;dairy
1787;21:40:00;Melissa Ramirez;dairy
1788;21:40:00;Faith Cantu;fruit
1789;21:40:00;Michael Martinez;entrance
1790;21:40:00;Kayla Monroe;entrance
1791;21:40:00;Robert Hamilton;entrance
1792;21:40:00;Patricia Adams;entrance
1793;21:40:00;Anthony Cook;entrance
1794;21:41:00;John Townsend;drinks
1795;21:41:00;Willie Simmons;dairy
1796;21:41:00;Kyle Kane;dairy
1797;21:41:00;Patricia Snow;fruit
1798;21:41:00;Kenneth Anderson;spices
1799;21:41:00;Kyle Phillips;drinks
1800;21:41:00;Steven Price;fruit
1801;21:41:00;Tiffany Knapp;dairy
1802;21:41:00;James Harris;fruit
1803;21:41:00;Peter Johnston;dairy
1804;21:41:00;Ryan Edwards;checkout and leave
1805;21:41:00;Stacy Brown;checkout and leave
1806;21:41:00;Melissa Ramirez;drinks
1807;21:41:00;Faith Cantu;spices
1808;21:41:00;Michael Martinez;dairy
1809;21:41:00;Kayla Monroe;spices
1810;21:41:00;Robert Hamilton;spices
1811;21:41:00;Patricia Adams;spices
1812;21:41:00;Anthony Cook;dairy
1813;21:41:00;Mark Blanchard;entrance
1814;21:42:00;John Townsend;dairy
1815;21:42:00;Willie Simmons;dairy
1816;21:42:00;Kyle Kane;dairy
1817;21:42:00;Patricia Snow;fruit
1818;21:42:00;Kenneth Anderson;fruit
1819;21:42:00;Kyle Phillips;dairy
1820;21:42:00;Steven Price;checkout and leave
1821;21:42:00;Tiffany Knapp;drinks
1822;21:42:00;James Harris;spices
1823;21:42:00;Peter Johnston;checkout and leave
1824;21:42:00;Stacy Brown;checkout and leave
1825;21:42:00;Melissa Ramirez;fruit
1826;21:42:00;Faith Cantu;drinks
1827;21:42:00;Michael Martinez;spices
1828;21:42:00;Kayla Monroe;spices
1829;21:42:00;Robert Hamilton;fruit
1830;21:42:00;Patricia Adams;fruit
1831;21:42:00;Anthony Cook;fruit
1832;21:42:00;Mark Blanchard;spices
1833;21:42:00;Laura White;entrance
1834;21:42:00;Cynthia Ramsey;entrance
1835;21:43:00;John Townsend;dairy
1836;21:43:00;Willie Simmons;fruit
1837;21:43:00;Kyle Kane;fruit
1838;21:43:00;Patricia Snow;dairy
1839;21:43:00;Kenneth Anderson;drinks
1840;21:43:00;Kyle Phillips;spices
1841;21:43:00;Tiffany Knapp;dairy
1842;21:43:00;James Harris;drinks
1843;21:43:00;Stacy Brown;checkout and leave
1844;21:43:00;Melissa Ramirez;dairy
1845;21:43:00;Faith Cantu;checkout and leave
1846;21:43:00;Michael Martinez;drinks
1847;21:43:00;Kayla Monroe;spices
1848;21:43:00;Robert Hamilton;dairy
1849;21:43:00;Patricia Adams;drinks
1850;21:43:00;Anthony Cook;dairy
1851;21:43:00;Mark Blanchard;fruit
1852;21:43:00;Laura White;fruit
1853;21:43:00;Cynthia Ramsey;dairy
1854;21:43:00;Robin Wood;entrance
1855;21:43:00;Jim Flynn;entrance
1856;21:43:00;Dr. Christopher Sanchez II;entrance
1857;21:44:00;John Townsend;checkout and leave
1858;21:44:00;Willie Simmons;dairy
1859;21:44:00;Kyle Kane;spices
1860;21:44:00;Patricia Snow;fruit
1861;21:44:00;Kenneth Anderson;drinks
1862;21:44:00;Kyle Phillips;drinks
1863;21:44:00;Tiffany Knapp;fruit
1864;21:44:00;James Harris;spices
1865;21:44:00;Melissa Ramirez;dairy
1866;21:44:00;Michael Martinez;drinks
1867;21:44:00;Kayla Monroe;dairy
1868;21:44:00;Robert Hamilton;drinks
1869;21:44:00;Patricia Adams;drinks
1870;21:44:00;Anthony Cook;spices
1871;21:44:00;Mark Blanchard;dairy
1872;21:44:00;Laura White;spices
1873;21:44:00;Cynthia Ramsey;dairy
1874;21:44:00;Robin Wood;spices
1875;21:44:00;Jim Flynn;spices
1876;21:44:00;Dr. Christopher Sanchez II;drinks
1877;21:45:00;Willie Simmons;dairy
1878;21:45:00;Kyle Kane;drinks
1879;21:45:00;Patricia Snow;drinks
1880;21:45:00;Kenneth Anderson;fruit
1881;21:45:00;Kyle Phillips;dairy
1882;21:45:00;Tiffany Knapp;dairy
1883;21:45:00;James Harris;fruit
1884;21:45:00;Melissa Ramirez;fruit
1885;21:45:00;Michael Martinez;checkout and leave
1886;21:45:00;Kayla Monroe;fruit
1887;21:45:00;Robert Hamilton;drinks
1888;21:45:00;Patricia Adams;dairy
1889;21:45:00;Anthony Cook;fruit
1890;21:45:00;Mark Blanchard;checkout and leave
1891;21:45:00;Laura White;dairy
1892;21:45:00;Cynthia Ramsey;drinks
1893;21:45:00;Robin Wood;drinks
1894;21:45:00;Jim Flynn;dairy
1895;21:45:00;Dr. Christopher Sanchez II;drinks
1896;21:45:00;Miranda Ferguson;entrance
1897;21:46:00;Willie Simmons;spices
1898;21:46:00;Kyle Kane;dairy
1899;21:46:00;Patricia Snow;fruit
1900;21:46:00;Kenneth Anderson;dairy
1901;21:46:00;Kyle Phillips;dairy
1902;21:46:00;Tiffany Knapp;drinks
1903;21:46:00;James Harris;drinks
1904;21:46:00;Melissa Ramirez;dairy
1905;21:46:00;Kayla Monroe;spices
1906;21:46:00;Robert Hamilton;drinks
1907;21:46:00;Patricia Adams;drinks
1908;21:46:00;Anthony Cook;fruit
1909;21:46:00;Laura White;spices
1910;21:46:00;Cynthia Ramsey;spices
1911;21:46:00;Robin Wood;dairy
1912;21:46:00;Jim Flynn;checkout and leave
1913;21:46:00;Dr. Christopher Sanchez II;fruit
1914;21:46:00;Miranda Ferguson;spices
1915;21:46:00;Jamie Harrison;entrance
1916;21:46:00;Zachary Mclean;entrance
1917;21:46:00;Joshua Carr;entrance
1918;21:46:00;Ian Lawson;entrance
1919;21:47:00;Willie Simmons;checkout and leave
1920;21:47:00;Kyle Kane;dairy
1921;21:47:00;Patricia Snow;dairy
1922;21:47:00;Kenneth Anderson;drinks
1923;21:47:00;Kyle Phillips;dairy
1924;21:47:00;Tiffany Knapp;dairy
1925;21:47:00;James Harris;dairy
1926;21:47:00;Melissa Ramirez;dairy
1927;21:47:00;Kayla Monroe;dairy
1928;21:47:00;Robert Hamilton;checkout and leave
1929;21:47:00;Patricia Adams;dairy
1930;21:47:00;Anthony Cook;checkout and leave
1931;21:47:00;Laura White;drinks
1932;21:47:00;Cynthia Ramsey;drinks
1933;21:47:00;Robin Wood;drinks
1934;21:47:00;Dr. Christopher Sanchez II;dairy
1935;21:47:00;Miranda Ferguson;fruit
1936;21:47:00;Jamie Harrison;spices
1937;21:47:00;Zachary Mclean;spices
1938;21:47:00;Joshua Carr;spices
1939;21:47:00;Ian Lawson;spices
1940;21:47:00;Meghan Powers;entrance
1941;21:48:00;Kyle Kane;fruit
1942;21:48:00;Patricia Snow;checkout and leave
1943;21:48:00;Kenneth Anderson;checkout and leave
1944;21:48:00;Kyle Phillips;dairy
1945;21:48:00;Tiffany Knapp;drinks
1946;21:48:00;James Harris;fruit
1947;21:48:00;Melissa Ramirez;dairy
1948;21:48:00;Kayla Monroe;drinks
1949;21:48:00;Patricia Adams;drinks
1950;21:48:00;Laura White;checkout and leave
1951;21:48:00;Cynthia Ramsey;fruit
1952;21:48:00;Robin Wood;drinks
1953;21:48:00;Dr. Christopher Sanchez II;checkout and leave
1954;21:48:00;Miranda Ferguson;drinks
1955;21:48:00;Jamie Harrison;fruit
1956;21:48:00;Zachary Mclean;drinks
1957;21:48:00;Joshua Carr;dairy
1958;21:48:00;Ian Lawson;drinks
1959;21:48:00;Meghan Powers;spices
1960;21:48:00;Frank Lopez;entrance
1961;21:48:00;Brenda Bowers;entrance
1962;21:48:00;Elizabeth Macdonald;entrance
1963;21:49:00;Kyle Kane;dairy
1964;21:49:00;Kenneth Anderson;checkout and leave
1965;21:49:00;Kyle Phillips;dairy
1966;21:49:00;Tiffany Knapp;drinks
1967;21:49:00;James Harris;dairy
1968;21:49:00;Melissa Ramirez;spices
1969;21:49:00;Kayla Monroe;dairy
1970;21:49:00;Patricia Adams;spices
1971;21:49:00;Cynthia Ramsey;drinks
1972;21:49:00;Robin Wood;drinks
1973;21:49:00;Miranda Ferguson;fruit
1974;21:49:00;Jamie Harrison;checkout and leave
1975;21:49:00;Zachary Mclean;dairy
1976;21:49:00;Joshua Carr;fruit
1977;21:49:00;Ian Lawson;fruit
1978;21:49:00;Meghan Powers;drinks
1979;21:49:00;Frank Lopez;dairy
1980;21:49:00;Brenda Bowers;fruit
1981;21:49:00;Elizabeth Macdonald;spices
1982;21:50:00;Kyle Kane;dairy
1983;21:50:00;Kyle Phillips;dairy
1984;21:50:00;Tiffany Knapp;dairy
1985;21:50:00;James Harris;dairy
1986;21:50:00;Melissa Ramirez;drinks
1987;21:50:00;Kayla Monroe;fruit
1988;21:50:00;Patricia Adams;spices
1989;21:50:00;Cynthia Ramsey;checkout and leave
1990;21:50:00;Robin Wood;checkout and leave
1991;21:50:00;Miranda Ferguson;spices
1992;21:50:00;Zachary Mclean;dairy
1993;21:50:00;Joshua Carr;checkout and leave
1994;21:50:00;Ian Lawson;fruit
1995;21:50:00;Meghan Powers;fruit
1996;21:50:00;Frank Lopez;checkout and leave
1997;21:50:00;Brenda Bowers;fruit
1998;21:50:00;Elizabeth Macdonald;drinks
1999;21:50:00;Sheila Anderson;entrance
2000;21:51:00;Kyle Kane;spices
2001;21:51:00;Kyle Phillips;checkout and leave
2002;21:51:00;Tiffany Knapp;dairy
2003;21:51:00;James Harris;fruit
2004;21:51:00;Melissa Ramirez;fruit
2005;21:51:00;Kayla Monroe;checkout and leave
2006;21:51:00;Patricia Adams;drinks
2007;21:51:00;Robin Wood;checkout and leave
2008;21:51:00;Miranda Ferguson;fruit
2009;21:51:00;Zachary Mclean;drinks
2010;21:51:00;Ian Lawson;fruit
2011;21:51:00;Meghan Powers;drinks
2012;21:51:00;Brenda Bowers;checkout and leave
2013;21:51:00;Elizabeth Macdonald;drinks
2014;21:51:00;Sheila Anderson;spices
2015;21:52:00;Kyle Kane;dairy
2016;21:52:00;Tiffany Knapp;drinks
2017;21:52:00;James Harris;dairy
2018;21:52:00;Melissa Ramirez;drinks
2019;21:52:00;Patricia Adams;dairy
2020;21:52:00;Miranda Ferguson;checkout and leave
2021;21:52:00;Zachary Mclean;dairy
2022;21:52:00;Ian Lawson;spices
2023;21:52:00;Meghan Powers;checkout and leave
2024;21:52:00;Elizabeth Macdonald;dairy
2025;21:52:00;Sheila Anderson;dairy
2026;21:53:00;Kyle Kane;dairy
2027;21:53:00;Tiffany Knapp;dairy
2028;21:53:00;James Harris;drinks
2029;21:53:00;Melissa Ramirez;drinks
2030;21:53:00;Patricia Adams;dairy
2031;21:53:00;Zachary Mclean;dairy
2032;21:53:00;Ian Lawson;checkout and leave
2033;21:53:00;Elizabeth Macdonald;spices
2034;21:53:00;Sheila Anderson;drinks
2035;21:54:00;Kyle Kane;checkout and leave
2036;21:54:00;Tiffany Knapp;dairy
2037;21:54:00;James Harris;checkout and leave
2038;21:54:00;Melissa Ramirez;spices
2039;21:54:00;Patricia Adams;checkout and leave
2040;21:54:00;Zachary Mclean;dairy
2041;21:54:00;Elizabeth Macdonald;fruit
2042;21:54:00;Sheila Anderson;drinks
2043;21:55:00;Tiffany Knapp;spices
2044;21:55:00;Melissa Ramirez;fruit
2045;21:55:00;Zachary Mclean;dairy
2046;21:55:00;Elizabeth Macdonald;spices
2047;21:55:00;Sheila Anderson;checkout and leave
2048;21:56:00;Tiffany Knapp;checkout and leave
2049;21:56:00;Melissa Ramirez;dairy
2050;21:56:00;Zachary Mclean;fruit
2051;21:56:00;Elizabeth Macdonald;dairy
2052;21:57:00;Melissa Ramirez;checkout and leave
2053;21:57:00;Zachary Mclean;checkout and leave
2054;21:57:00;Elizabeth Macdonald;checkout and leave
2055;21:58:00;Zachary Mclean;checkout and leave
